isin,security_type,description,coupon_rate,maturity_date,outstanding_eur,inflation_index,coefficient_date,index_coefficient,indexed_outstanding_eur
FR0013200813,OAT,OAT 0.25% 25 November 2026,0.0025,2026-11-25,36448000000.0,,2026-10-03,1.0,36448000000.0
FR0014003513,OAT,OAT 0.00% 25 February 2027,0.0,2027-02-25,35818000000.0,,2026-10-03,1.0,35818000000.0
FR0013250560,OAT,OAT 1.00% 25 May 2027,0.01,2027-05-25,38944000000.0,,2026-10-03,1.0,38944000000.0
FR001400NBC6,OAT,OAT 2.50 % 24 September 2027,0.025,2027-09-24,30797000000.0,,2026-10-03,1.0,30797000000.0
FR0011317783,OAT,OAT 2.75% 25 October 2027,0.0275,2027-10-25,60083000000.0,,2026-10-03,1.0,60083000000.0
FR001400AIN5,OAT,OAT 0.75% 25 February 2028,0.0075,2028-02-25,50978000000.0,,2026-10-03,1.0,50978000000.0
FR0000571226,OAT,OAT zero coupon 28 March 2028,0.0,2028-03-28,46232603.0,,2026-10-03,1.0,46232603.0
FR0013286192,OAT,OAT 0.75% 25 May 2028,0.0075,2028-05-25,67202000000.0,,2026-10-03,1.0,67202000000.0
FR001400XLW2,OAT,OAT 2.40% 24 September 2028,0.024,2028-09-24,48096000000.0,,2026-10-03,1.0,48096000000.0
FR0013341682,OAT,OAT 0.75% 25 November 2028,0.0075,2028-11-25,62095000000.0,,2026-10-03,1.0,62095000000.0
FR001400HI98,OAT,OAT 2.75% 25 FEBRUARY 2029,0.0275,2029-02-25,63538000000.0,,2026-10-03,1.0,63538000000.0
FR0000571218,OAT,OAT 5.50% 25 April 2029,0.055,2029-04-25,44514880462.0,,2026-10-03,1.0,44514880462.0
FR0013407236,OAT,OAT 0.50% 25 May 2029,0.005,2029-05-25,58805000000.0,,2026-10-03,1.0,58805000000.0
FR0014016G71,OAT,OAT 2.40% 24 September 2029,0.024,2029-09-24,32737000000.0,,2026-10-03,1.0,32737000000.0
FR0013451507,OAT,OAT 0.00% 25 NOVEMBER 2029,0.0,2029-11-25,49931000000.0,,2026-10-03,1.0,49931000000.0
FR001400PM68,OAT,OAT 2.75% 25 FEBRUARY 2030,0.0275,2030-02-25,60789000000.0,,2026-10-03,1.0,60789000000.0
FR0011883966,OAT,OAT 2.50% 25 May 2030,0.025,2030-05-25,73381000000.0,,2026-10-03,1.0,73381000000.0
FR0013516549,OAT,OAT 0.00% 25 November 2030,0.0,2030-11-25,58857000000.0,,2026-10-03,1.0,58857000000.0
FR001400Z2L7,OAT,OAT 2.70% 25 February 2031,0.027000000000000003,2031-02-25,62934000000.0,,2026-10-03,1.0,62934000000.0
FR0012993103,OAT,OAT 1.50% 25 May 2031,0.015,2031-05-25,71282000000.0,,2026-10-03,1.0,71282000000.0
FR0014002WK3,OAT,OAT 0.00% 25 November 2031,0.0,2031-11-25,59865000000.0,,2026-10-03,1.0,59865000000.0
FR0014018OI0,OAT,OAT 3.25% 25 February 2032,0.0325,2032-02-25,29929000000.0,,2026-10-03,1.0,29929000000.0
FR0014007L00,OAT,OAT 0.00% 25 May 2032,0.0,2032-05-25,50484000000.0,,2026-10-03,1.0,50484000000.0
FR0000187635,OAT,OAT 5.75% 25 October 2032,0.0575,2032-10-25,35192322600.0,,2026-10-03,1.0,35192322600.0
FR001400BKZ3,OAT,OAT 2.00% 25 November 2032,0.02,2032-11-25,63473000000.0,,2026-10-03,1.0,63473000000.0
FR001400H7V7,OAT,OAT 3.00% 25 May 2033,0.03,2033-05-25,50596000000.0,,2026-10-03,1.0,50596000000.0
FR001400L834,OAT,OAT 3.50 % 25 november 2033,0.035,2033-11-25,63249000000.0,,2026-10-03,1.0,63249000000.0
FR0013313582,OAT,OAT 1.25% 25 May 2034,0.0125,2034-05-25,65035000000.0,,2026-10-03,1.0,65035000000.0
FR001400QMF9,OAT,OAT 3.00 % 25 November 2034,0.03,2034-11-25,52348000000.0,,2026-10-03,1.0,52348000000.0
FR0010070060,OAT,OAT 4.75% 25 April 2035,0.0475,2035-04-25,37723000000.0,,2026-10-03,1.0,37723000000.0
FR001400X8V5,OAT,OAT 3.20% 25 May 2035,0.032,2035-05-25,54712000000.0,,2026-10-03,1.0,54712000000.0
FR0014012II5,OAT,OAT 3.50% 25 November 2035,0.035,2035-11-25,59064000000.0,,2026-10-03,1.0,59064000000.0
FR0013154044,OAT,OAT 1.25% 25 May 2036,0.0125,2036-05-25,71354000000.0,,2026-10-03,1.0,71354000000.0
FR0014018YR0,OAT,OAT 3.70% 25 November 2036,0.037000000000000005,2036-11-25,41231000000.0,,2026-10-03,1.0,41231000000.0
FR0014017Z10,OAT,Green OAT 3.80% 25 June 2037,0.038,2037-06-25,14175000000.0,,2026-10-03,1.0,14175000000.0
FR0014009O62,OAT,OAT 1.25% 25 May 2038,0.0125,2038-05-25,36540000000.0,,2026-10-03,1.0,36540000000.0
FR0010371401,OAT,OAT 4.00% 25 October 2038,0.04,2038-10-25,29884000000.0,,2026-10-03,1.0,29884000000.0
FR0013234333,OAT,GREEN OAT 1.75% 25 June 2039,0.0175,2039-06-25,36304000000.0,,2026-10-03,1.0,36304000000.0
FR0013515806,OAT,OAT 0.50% 25 May 2040,0.005,2040-05-25,40551000000.0,,2026-10-03,1.0,40551000000.0
FR0010773192,OAT,OAT 4.50% 25 April 2041,0.045,2041-04-25,43447000000.0,,2026-10-03,1.0,43447000000.0
FR001400WYO4,OAT,OAT 3.60% 25 May 2042,0.036000000000000004,2042-05-25,26187000000.0,,2026-10-03,1.0,26187000000.0
FR001400CMX2,OAT,OAT 2.50% 25 May 2043,0.025,2043-05-25,27954000000.0,,2026-10-03,1.0,27954000000.0
FR0014002JM6,OAT,Green OAT 0.50% 25 June 2044,0.005,2044-06-25,29953000000.0,,2026-10-03,1.0,29953000000.0
FR0011461037,OAT,OAT 3.25% 25 May 2045,0.0325,2045-05-25,31657000000.0,,2026-10-03,1.0,31657000000.0
FR0014015MU5,OAT,OAT 4.10% 25 May 2046,0.040999999999999995,2046-05-25,18682000000.0,,2026-10-03,1.0,18682000000.0
FR0013257524,OAT,OAT 2.00% 25 May 2048,0.02,2048-05-25,34787000000.0,,2026-10-03,1.0,34787000000.0
FR001400NEF3,OAT,Green OAT 3.00% 25 June 2049,0.03,2049-06-25,17612000000.0,,2026-10-03,1.0,17612000000.0
FR0013404969,OAT,OAT 1.50% 25 May 2050,0.015,2050-05-25,34348000000.0,,2026-10-03,1.0,34348000000.0
FR0013480613,OAT,OAT 0.75% 25 May 2052,0.0075,2052-05-25,33622000000.0,,2026-10-03,1.0,33622000000.0
FR0014004J31,OAT,OAT 0.75% 25 May 2053,0.0075,2053-05-25,33416000000.0,,2026-10-03,1.0,33416000000.0
FR001400FTH3,OAT,OAT 3.00 % 25 May 2054,0.03,2054-05-25,25978000000.0,,2026-10-03,1.0,25978000000.0
FR0010171975,OAT,OAT 4.00% 25 April 2055,0.04,2055-04-25,23988000000.0,,2026-10-03,1.0,23988000000.0
FR001400OHF4,OAT,OAT 3.25% 25 May 2055,0.0325,2055-05-25,25005000000.0,,2026-10-03,1.0,25005000000.0
FR001400XJJ3,OAT,OAT 3.75% 25 May 2056,0.0375,2056-05-25,20676000000.0,,2026-10-03,1.0,20676000000.0
FR0014016CV2,OAT,OAT 4.40 % 25 May 2057,0.044000000000000004,2057-05-25,11001000000.0,,2026-10-03,1.0,11001000000.0
FR0010870956,OAT,OAT 4.00% 25 April 2060,0.04,2060-04-25,22843000000.0,,2026-10-03,1.0,22843000000.0
FR0013154028,OAT,OAT 1.75% 25 May 2066,0.0175,2066-05-25,18394000000.0,,2026-10-03,1.0,18394000000.0
FR0014001NN8,OAT,OAT 0.50% 25 May 2072,0.005,2072-05-25,14472000000.0,,2026-10-03,1.0,14472000000.0
FR0011008705,OATEI,OAT€i 1.85% 25 July 2027,0.018500000000000003,2027-07-25,21737000000.0,HICPxT,2026-10-03,1.41111,30673298070.0
FR0013410552,OATEI,OAT€i 0.10% 1 MARCH 2029,0.001,2029-03-01,24041000000.0,HICPxT,2026-10-03,1.27049,30543850089.999996
FR0011982776,OATEI,OAT€i 0.70% 25 July 2030,0.006999999999999999,2030-07-25,17232000000.0,HICPxT,2026-10-03,1.32371,22810170720.0
FR0014001N38,OATEI,OAT€I 0.10% 25 July 2031,0.001,2031-07-25,13837000000.0,HICPxT,2026-10-03,1.25999,17434481630.0
FR0000188799,OATEI,OAT€i 3.15% 25 July 2032,0.0315,2032-07-25,15950000000.0,HICPxT,2026-10-03,1.63204,26031038000.0
FR001400JI88,OATEI,OAT€i 0.60% 25 July 2034,0.006,2034-07-25,12848000000.0,HICPxT,2026-10-03,1.14486,14709161280.0
FR0013327491,OATEI,OAT€i 0.10% 25 July 2036,0.001,2036-07-25,16213000000.0,HICPxT,2026-10-03,1.29834,21049986420.0
FR001401B0I4,OATEI,OAT€i 2.10 % 1 March 2037,0.021,2037-03-01,2500000000.0,HICPxT,2026-10-03,1.02613,2565325000.0
FR001400AQH0,OATEI,GREEN OAT€i 0.10% 25 JULY 2038,0.001,2038-07-25,9667000000.0,HICPxT,2026-10-03,1.23713,11959335710.0
FR0010447367,OATEI,OAT€i 1.80% 25 July 2040,0.018000000000000002,2040-07-25,17723000000.0,HICPxT,2026-10-03,1.51179,26793454170.0
FR001400QCA1,OATEI,OAT€i 0.95% 25 July 2043,0.0095,2043-07-25,8530000000.0,HICPxT,2026-10-03,1.07697,9186554100.0
FR0013209871,OATEI,OAT€i 0.10% 25 July 2047,0.001,2047-07-25,13930000000.0,HICPxT,2026-10-03,1.31746,18352217800.0
FR0014008181,OATEI,OAT€i 0.10% 25 July 2053,0.001,2053-07-25,11861000000.0,HICPxT,2026-10-03,1.23713,14673598930.0
FR0013238268,OATI,"OATi 0,10 % 1 mars 2028",0.001,2028-03-01,17412000000.0,FR_CPIxT,2026-10-03,1.23022,21420590640.0
FR0000186413,OATI,"OATi 3,40 % 25 juillet 2029",0.034,2029-07-25,10176144000.0,FR_CPIxT,2026-10-03,1.5412,15683473132.8
FR0014003N51,OATI,"OATi 0,10 % 1 mars 2032",0.001,2032-03-01,10064000000.0,FR_CPIxT,2026-10-03,1.18236,11899271040.0
FR0013524014,OATI,"OATi 0,10 % 1 mars 2036",0.001,2036-03-01,12717000000.0,FR_CPIxT,2026-10-03,1.17896,14992834320.0
FR001400IKW5,OATI,"OATi 0,55 % 1 mars 2039",0.0055000000000000005,2039-03-01,6227000000.0,FR_CPIxT,2026-10-03,1.0851,6756917700.0
FR0129287316,BTF,,0.0,2026-10-07,10046000000.0,,2026-10-03,1.0,10046000000.0
FR0129704203,BTF,,0.0,2026-10-14,6964000000.0,,2026-10-03,1.0,6964000000.0
FR0129570588,BTF,,0.0,2026-10-21,9280000000.0,,2026-10-03,1.0,9280000000.0
FR0129704088,BTF,,0.0,2026-10-28,6348000000.0,,2026-10-03,1.0,6348000000.0
FR0129287324,BTF,,0.0,2026-11-04,8674000000.0,,2026-10-03,1.0,8674000000.0
FR0129704096,BTF,,0.0,2026-11-11,7321000000.0,,2026-10-03,1.0,7321000000.0
FR0129570596,BTF,,0.0,2026-11-18,8956000000.0,,2026-10-03,1.0,8956000000.0
FR0129704104,BTF,,0.0,2026-11-25,5898000000.0,,2026-10-03,1.0,5898000000.0
FR0129287332,BTF,,0.0,2026-12-02,8793000000.0,,2026-10-03,1.0,8793000000.0
FR0129704112,BTF,,0.0,2026-12-09,6313000000.0,,2026-10-03,1.0,6313000000.0
FR0129570604,BTF,,0.0,2026-12-16,9250000000.0,,2026-10-03,1.0,9250000000.0
FR0129704120,BTF,,0.0,2026-12-23,6725000000.0,,2026-10-03,1.0,6725000000.0
FR0129287340,BTF,,0.0,2026-12-30,9100000000.0,,2026-10-03,1.0,9100000000.0
FR0129704138,BTF,,0.0,2027-01-06,3398000000.0,,2026-10-03,1.0,3398000000.0
FR0129570612,BTF,,0.0,2027-01-13,7760000000.0,,2026-10-03,1.0,7760000000.0
FR0129886117,BTF,,0.0,2027-01-20,0.0,,2026-10-03,1.0,0.0
FR0129437572,BTF,,0.0,2027-01-27,9173000000.0,,2026-10-03,1.0,9173000000.0
FR0129886125,BTF,,0.0,2027-02-03,0.0,,2026-10-03,1.0,0.0
FR0129704146,BTF,,0.0,2027-02-10,8005000000.0,,2026-10-03,1.0,8005000000.0
FR0129886133,BTF,,0.0,2027-02-17,0.0,,2026-10-03,1.0,0.0
FR0129437580,BTF,,0.0,2027-02-24,10143000000.0,,2026-10-03,1.0,10143000000.0
FR0129886141,BTF,,0.0,2027-03-03,0.0,,2026-10-03,1.0,0.0
FR0129704153,BTF,,0.0,2027-03-10,8083000000.0,,2026-10-03,1.0,8083000000.0
FR0129886158,BTF,,0.0,2027-03-17,0.0,,2026-10-03,1.0,0.0
FR0129437598,BTF,,0.0,2027-03-24,10394000000.0,,2026-10-03,1.0,10394000000.0
FR0129886166,BTF,,0.0,2027-04-01,0.0,,2026-10-03,1.0,0.0
FR0129704161,BTF,,0.0,2027-04-07,4242000000.0,,2026-10-03,1.0,4242000000.0
FR0129570620,BTF,,0.0,2027-04-21,9539000000.0,,2026-10-03,1.0,9539000000.0
FR0129886174,BTF,,0.0,2027-05-05,0.0,,2026-10-03,1.0,0.0
FR0129570638,BTF,,0.0,2027-05-20,9309000000.0,,2026-10-03,1.0,9309000000.0
FR0129886182,BTF,,0.0,2027-06-02,0.0,,2026-10-03,1.0,0.0
FR0129570646,BTF,,0.0,2027-06-16,8586000000.0,,2026-10-03,1.0,8586000000.0
FR0129886190,BTF,,0.0,2027-06-30,0.0,,2026-10-03,1.0,0.0
FR0129704179,BTF,,0.0,2027-07-14,8936000000.0,,2026-10-03,1.0,8936000000.0
FR0129704187,BTF,,0.0,2027-08-11,8135000000.0,,2026-10-03,1.0,8135000000.0
FR0129704195,BTF,,0.0,2027-09-08,8287000000.0,,2026-10-03,1.0,8287000000.0
FR0129886208,BTF,,0.0,2027-10-06,0.0,,2026-10-03,1.0,0.0
FR0129886216,BTF,,0.0,2027-11-04,0.0,,2026-10-03,1.0,0.0
FR0129886224,BTF,,0.0,2027-12-01,0.0,,2026-10-03,1.0,0.0
FR0129886232,BTF,,0.0,2027-12-29,0.0,,2026-10-03,1.0,0.0
