year,p10,p25,p50,p75,p90
2027,0.025433608905971964,0.02570306019465515,0.02600697721336925,0.026308997312151937,0.026575135572514907
2028,0.026986807948250237,0.02745959985118171,0.027996748317387014,0.028521030068661732,0.029019244549294523
2029,0.02823356752430896,0.029040111797517948,0.029949086626814017,0.03087674466363071,0.031718038457188284
2030,0.029352611335649176,0.03054687276812402,0.03192809196992677,0.03335119839381833,0.03464053327721818
2031,0.03141236364768839,0.032986025842111744,0.0348814715615033,0.036792952760323724,0.038578957802506746
2032,0.032364654086004745,0.03436379935526543,0.03675000902176546,0.03912701201031815,0.04142050337872482
2033,0.03200844600066604,0.034548105209577455,0.037468094913799765,0.04039345173527899,0.04318195392030951
2034,0.03154548666957871,0.03448714688721259,0.037851666793866874,0.04133556324327173,0.04450080685428941
2035,0.03124741051397189,0.03465166486140034,0.03844640990922209,0.0424157676565683,0.046036488931784296
2036,0.030477465663307914,0.03422960574567385,0.03856537893803873,0.04294093881135849,0.04710857136468816
2037,0.030263058934537665,0.03443075705717048,0.03918664538901254,0.044163923109003224,0.048762649325029016
2038,0.029126273267863885,0.03360371300539405,0.0388280683926313,0.04417375434909457,0.04935371088941534
2039,0.0281423172792422,0.03303044046986861,0.03872559935686013,0.04460268933747454,0.05024934068521614
2040,0.027268502447655635,0.032458055462579745,0.038614209476087624,0.04489451823834624,0.05104168979932784
2041,0.026485786856503837,0.032007621698422355,0.03865041169138585,0.045431467976543786,0.051937072046073764
