,Full consolidation,Half consolidation,No consolidation
Debt >130% in 2041,32.99,92.97999999999999,99.92999999999999
Debt >150% in 2041,1.8399999999999999,44.54,95.55
Debt >175% in 2041,0.0,2.0500000000000003,43.169999999999995
Debt rises >20pp in any 5y,2.6,33.92,86.22
Interest/GDP >4% ever,48.51,89.16,98.55000000000001
Interest/GDP >5% ever,11.05,62.57,91.86999999999999
Interest/GDP >6% ever,1.35,32.11,77.58
30Y OAT >6% ever,20.59,30.869999999999997,48.980000000000004
30Y OAT >7% ever,2.39,5.37,15.03
30Y OAT >8% ever,0.09,0.49,2.52
