country,year,sovereign_10y,bund_10y,spread_10y,debt_gdp,primary_balance_gdp,real_growth
Austria,2000,0.055554,0.05263333333333333,0.0029206666666666686,0.6659999999999999,0.0117663,0.032
Austria,2001,0.05080166666666667,0.047975,0.0028266666666666718,0.672,0.0291799,0.013000000000000001
Austria,2002,0.049637999999999995,0.047825,0.0018129999999999952,0.674,0.0205222,0.015
Austria,2003,0.04140866666666667,0.04070833333333333,0.0007003333333333375,0.664,0.0136737,0.011000000000000001
Austria,2004,0.04130891666666667,0.04036666666666667,0.0009422499999999986,0.659,-0.0188844,0.026000000000000002
Austria,2005,0.03393733333333333,0.03353333333333334,0.00040399999999999464,0.6940000000000001,0.0067789,0.023
Austria,2006,0.03800841666666667,0.037625,0.0003834166666666708,0.682,0.0056394999999999,0.033
Austria,2007,0.042970833333333326,0.042166666666666665,0.0008041666666666614,0.6579999999999999,0.0181533,0.038
Austria,2008,0.04358525,0.03984166666666667,0.003743583333333328,0.695,0.014038,0.015
Austria,2009,0.03937633333333333,0.032225,0.007151333333333336,0.8079999999999999,-0.0217065,-0.036000000000000004
Austria,2010,0.03226383333333333,0.027433333333333334,0.004830499999999998,0.8370000000000001,-0.0150088,0.018000000000000002
Austria,2011,0.033196583333333335,0.026083333333333333,0.0071132500000000015,0.8340000000000001,0.0036135,0.028999999999999998
Austria,2012,0.02371175,0.01495,0.00876175,0.8290000000000001,0.0060948999999999,0.006
Austria,2013,0.020107583333333335,0.015700000000000002,0.004407583333333333,0.8240000000000001,0.0066439,-0.003
Austria,2014,0.014872916666666666,0.011633333333333334,0.003239583333333332,0.852,0.0054159,0.008
Austria,2015,0.007470416666666667,0.004958333333333333,0.002512083333333334,0.856,0.0187484,0.013000000000000001
Austria,2016,0.0037538333333333334,0.0009000000000000001,0.0028538333333333332,0.8340000000000001,0.0064467,0.021
Austria,2017,0.005832833333333333,0.0031750000000000003,0.002657833333333333,0.7909999999999999,0.0107173999999999,0.023
Austria,2018,0.006861583333333333,0.003966666666666666,0.002894916666666667,0.746,0.0182827,0.025
Austria,2019,0.0006293333333333332,-0.002525,0.003154333333333333,0.71,0.0196764,0.018000000000000002
Austria,2020,-0.0022485,-0.0051066666666666665,0.0028581666666666664,0.8320000000000001,-0.0685422,-0.063
Austria,2021,-0.0008538333333333333,-0.003735,0.002881166666666667,0.8240000000000001,-0.0458838,0.049
Austria,2022,0.017111499999999998,0.011424166666666666,0.0056873333333333324,0.7809999999999999,-0.0246281,0.055
Austria,2023,0.03082675,0.024341666666666668,0.006485083333333332,0.778,-0.0136261,-0.006999999999999999
Austria,2024,0.02842708333333333,0.023205,0.005222083333333329,0.8,-0.0315974,-0.003
Austria,2025,0.0299075,0.02609,0.0038175000000000014,0.815,-0.0257359,0.006999999999999999
Belgium,2000,0.055925,0.05263333333333333,0.003291666666666672,1.097,0.0663489,0.037000000000000005
Belgium,2001,0.05130833333333334,0.047975,0.003333333333333341,1.085,0.0680432,0.011000000000000001
Belgium,2002,0.04986666666666667,0.047825,0.002041666666666671,1.056,0.0579548,0.017
Belgium,2003,0.041808333333333336,0.04070833333333333,0.0011000000000000038,1.018,0.0355256,0.01
Belgium,2004,0.041525,0.04036666666666667,0.0011583333333333307,0.972,0.0461923999999999,0.036000000000000004
Belgium,2005,0.03428333333333333,0.03353333333333334,0.0007499999999999937,0.9520000000000001,0.0168996,0.023
Belgium,2006,0.038149999999999996,0.037625,0.0005249999999999977,0.915,0.0438282,0.026000000000000002
Belgium,2007,0.04328333333333333,0.042166666666666665,0.0011166666666666686,0.875,0.0409564,0.037000000000000005
Belgium,2008,0.044175,0.03984166666666667,0.004333333333333328,0.932,0.0293419,0.004
Belgium,2009,0.039016666666666665,0.032225,0.006791666666666668,0.9990000000000001,-0.0149375,-0.019
Belgium,2010,0.034624999999999996,0.027433333333333334,0.007191666666666662,1.003,-0.0049196,0.027000000000000003
Belgium,2011,0.042333333333333334,0.026083333333333333,0.01625,1.028,-0.0085258,0.019
Belgium,2012,0.03,0.01495,0.01505,1.044,-0.0078761,0.002
Belgium,2013,0.0241,0.015700000000000002,0.008399999999999998,1.051,0.0018731999999999,0.003
Belgium,2014,0.017133333333333334,0.011633333333333334,0.0055,1.0659999999999998,0.0011715,0.018000000000000002
Belgium,2015,0.0084,0.004958333333333333,0.0034416666666666667,1.057,0.0050782,0.015
Belgium,2016,0.004758333333333333,0.0009000000000000001,0.003858333333333333,1.058,0.0034251999999999,0.012
Belgium,2017,0.007225,0.0031750000000000003,0.00405,1.026,0.0164916,0.015
Belgium,2018,0.00795,0.003966666666666666,0.003983333333333334,1.002,0.0112933,0.019
Belgium,2019,0.0019333333333333331,-0.002525,0.004458333333333333,0.977,-0.0003988,0.024
Belgium,2020,-0.0014833333333333332,-0.0051066666666666665,0.0036233333333333334,1.114,-0.070667,-0.048
Belgium,2021,-0.00014166666666666665,-0.003735,0.0035933333333333334,1.087,-0.0370631,0.063
Belgium,2022,0.017333333333333336,0.011424166666666666,0.00590916666666667,1.033,-0.0198117,0.04
Belgium,2023,0.030891666666666668,0.024341666666666668,0.00655,1.025,-0.0216709,0.016
Belgium,2024,0.029249999999999998,0.023205,0.006044999999999998,1.0390000000000001,-0.0218287,0.011000000000000001
Belgium,2025,0.031841666666666664,0.02609,0.005751666666666665,1.079,-0.0294993,0.01
Finland,2000,0.05483333333333334,0.05263333333333333,0.0022000000000000075,0.451,0.0960069,0.057999999999999996
Finland,2001,0.05043333333333333,0.047975,0.002458333333333333,0.434,0.0753321,0.026000000000000002
Finland,2002,0.049808333333333336,0.047825,0.001983333333333337,0.426,0.0611358,0.017
Finland,2003,0.041341666666666665,0.04070833333333333,0.000633333333333333,0.452,0.0425669,0.02
Finland,2004,0.041100000000000005,0.04036666666666667,0.0007333333333333358,0.449,0.0390699,0.04
Finland,2005,0.03351666666666667,0.03353333333333334,-1.666666666667177e-05,0.42100000000000004,0.0427046,0.027999999999999997
Finland,2006,0.03783333333333333,0.037625,0.0002083333333333312,0.402,0.0548128,0.04
Finland,2007,0.04293333333333333,0.042166666666666665,0.0007666666666666655,0.36,0.0652842,0.053
Finland,2008,0.042899999999999994,0.03984166666666667,0.0030583333333333226,0.34700000000000003,0.0557623,0.008
Finland,2009,0.03738333333333333,0.032225,0.005158333333333334,0.441,-0.0115333,-0.081
Finland,2010,0.030108333333333334,0.027433333333333334,0.0026750000000000003,0.501,-0.0117302,0.032
Finland,2011,0.030058333333333336,0.026083333333333333,0.003975000000000003,0.52,0.0046949999999999,0.024
Finland,2012,0.018858333333333335,0.01495,0.003908333333333335,0.579,-0.006338,-0.015
Finland,2013,0.018616666666666667,0.015700000000000002,0.0029166666666666646,0.608,-0.0117545,-0.01
Finland,2014,0.014491666666666667,0.011633333333333334,0.0028583333333333325,0.648,-0.01691,-0.005
Finland,2015,0.007200000000000001,0.004958333333333333,0.002241666666666668,0.688,-0.0120652,0.005
Finland,2016,0.00365,0.0009000000000000001,0.00275,0.6859999999999999,-0.0055118999999999,0.026000000000000002
Finland,2017,0.005483333333333333,0.0031750000000000003,0.002308333333333333,0.6659999999999999,0.0041298,0.033
Finland,2018,0.006625833333333333,0.003966666666666666,0.0026591666666666673,0.654,0.0010521999999999,0.012
Finland,2019,0.0006725,-0.002525,0.0031975,0.653,-0.0008175,0.013000000000000001
Finland,2020,-0.0022016666666666664,-0.0051066666666666665,0.002905,0.753,-0.0486406,-0.025
Finland,2021,-0.0009383333333333334,-0.003735,0.0027966666666666665,0.731,-0.021438,0.027000000000000003
Finland,2022,0.01687083333333333,0.011424166666666666,0.005446666666666666,0.74,0.0038326,0.006
Finland,2023,0.030373333333333336,0.024341666666666668,0.006031666666666668,0.77,-0.016985,-0.012
Finland,2024,0.028528333333333333,0.023205,0.005323333333333333,0.8240000000000001,-0.0277833,0.01
Finland,2025,0.030095,0.02609,0.004005000000000002,0.885,-0.0178387,0.008
France,2000,0.053941666666666666,0.05263333333333333,0.001308333333333335,0.597,0.0164665,0.040999999999999995
France,2001,0.04939166666666667,0.047975,0.0014166666666666702,0.593,0.0163521,0.019
France,2002,0.048600000000000004,0.047825,0.0007750000000000049,0.613,-0.0014746,0.011000000000000001
France,2003,0.041299999999999996,0.04070833333333333,0.000591666666666664,0.654,-0.0121178,0.01
France,2004,0.04098333333333334,0.04036666666666667,0.0006166666666666681,0.669,-0.0075403,0.028999999999999998
France,2005,0.0341,0.03353333333333334,0.0005666666666666598,0.682,-0.0079205,0.019
France,2006,0.03796666666666667,0.037625,0.00034166666666667067,0.654,-0.0005430999999999,0.027000000000000003
France,2007,0.043041666666666666,0.042166666666666665,0.0008750000000000008,0.655,-0.0030139,0.025
France,2008,0.042341666666666666,0.03984166666666667,0.0024999999999999953,0.698,-0.0062919,0.004
France,2009,0.0365,0.032225,0.004275000000000001,0.841,-0.0483265,-0.027999999999999997
France,2010,0.031183333333333337,0.027433333333333334,0.0037500000000000033,0.863,-0.0461168,0.02
France,2011,0.0332,0.026083333333333333,0.007116666666666667,0.887,-0.0258904999999999,0.024
France,2012,0.025366666666666666,0.01495,0.010416666666666666,0.917,-0.0254018999999999,0.002
France,2013,0.022041666666666668,0.015700000000000002,0.006341666666666666,0.946,-0.0260739,0.008
France,2014,0.016666666666666666,0.011633333333333334,0.005033333333333332,0.9620000000000001,-0.0237672,0.01
France,2015,0.008425,0.004958333333333333,0.0034666666666666674,0.97,-0.0186125,0.011000000000000001
France,2016,0.004666666666666667,0.0009000000000000001,0.003766666666666667,0.981,-0.018637,0.009000000000000001
France,2017,0.008091666666666667,0.0031750000000000003,0.004916666666666666,0.988,-0.0157254,0.021
France,2018,0.007833333333333333,0.003966666666666666,0.0038666666666666667,0.985,-0.0055005,0.016
France,2019,0.0013083333333333334,-0.002525,0.0038333333333333336,0.982,-0.008781,0.02
France,2020,-0.00145,-0.0051066666666666665,0.0036566666666666666,1.149,-0.0765052,-0.07400000000000001
France,2021,6.66666666666667e-05,-0.003735,0.0038016666666666667,1.128,-0.0519713,0.069
France,2022,0.017008333333333334,0.011424166666666666,0.005584166666666668,1.114,-0.0282449,0.027000000000000003
France,2023,0.02994166666666667,0.024341666666666668,0.005600000000000001,1.095,-0.0347623,0.016
France,2024,0.02969166666666667,0.023205,0.006486666666666668,1.126,-0.0371306,0.015
France,2025,0.03365833333333333,0.02609,0.007568333333333333,1.156,-0.0286754,0.008
Greece,2000,0.061,0.05263333333333333,0.008366666666666668,1.089,0.0289362999999999,0.040999999999999995
Greece,2001,0.05303333333333333,0.047975,0.005058333333333331,1.105,0.0084578,0.047
Greece,2002,0.051225,0.047825,0.0034000000000000002,1.079,-0.0046821,0.047
Greece,2003,0.042675,0.04070833333333333,0.001966666666666665,1.043,-0.0301443,0.057999999999999996
Greece,2004,0.04255833333333334,0.04036666666666667,0.002191666666666668,1.055,-0.0414599,0.054000000000000006
Greece,2005,0.03585,0.03353333333333334,0.0023166666666666613,1.099,-0.0152793,0.012
Greece,2006,0.0407,0.037625,0.0030750000000000013,1.053,-0.0155437,0.064
Greece,2007,0.045000000000000005,0.042166666666666665,0.0028333333333333405,1.046,-0.022409,0.035
Greece,2008,0.048025000000000005,0.03984166666666667,0.008183333333333334,1.109,-0.0543363,0.001
Greece,2009,0.051741666666666665,0.032225,0.01951666666666667,1.285,-0.1031441,-0.040999999999999995
Greece,2010,0.09091666666666666,0.027433333333333334,0.06348333333333332,1.4780000000000002,-0.0531552,-0.057
Greece,2011,0.15749166666666667,0.026083333333333333,0.13140833333333335,1.751,-0.0283327,-0.099
Greece,2012,0.2249833333333333,0.01495,0.21003333333333332,1.641,-0.0389189,-0.083
Greece,2013,0.10054166666666665,0.015700000000000002,0.08484166666666665,1.804,-0.0943272999999999,-0.023
Greece,2014,0.06929166666666667,0.011633333333333334,0.05765833333333333,1.827,0.0024308,0.008
Greece,2015,0.09666363636363635,0.004958333333333333,0.09170530303030303,1.796,-0.0232375,-0.002
Greece,2016,0.08360000000000001,0.0009000000000000001,0.08270000000000001,1.831,0.0342795,0.0
Greece,2017,0.059783333333333334,0.0031750000000000003,0.05660833333333334,1.821,0.0386124,0.015
Greece,2018,0.04185,0.003966666666666666,0.03788333333333333,1.89,0.0426652,0.021
Greece,2019,0.02585833333333333,-0.002525,0.02838333333333333,1.8319999999999999,0.037952,0.023
Greece,2020,0.012716666666666666,-0.0051066666666666665,0.017823333333333333,2.094,-0.069512,-0.092
Greece,2021,0.008841666666666666,-0.003735,0.012576666666666667,1.973,-0.0478777,0.087
Greece,2022,0.034866666666666664,0.011424166666666666,0.023442499999999998,1.778,-0.0007825999999999,0.055
Greece,2023,0.040016666666666666,0.024341666666666668,0.015674999999999998,1.643,0.0195784,0.021
Greece,2024,0.0335,0.023205,0.010295000000000002,1.5419999999999998,0.048214,0.021
Greece,2025,0.03375,0.02609,0.007660000000000004,1.4609999999999999,0.0488455999999999,0.021
Ireland,2000,0.055125,0.05263333333333333,0.00249166666666667,0.364,0.0679762,0.094
Ireland,2001,0.05011666666666667,0.047975,0.0021416666666666737,0.336,0.0239841,0.053
Ireland,2002,0.0501,0.047825,0.0022749999999999992,0.309,0.0079935,0.059000000000000004
Ireland,2003,0.041325,0.04070833333333333,0.0006166666666666681,0.298,0.0156508,0.03
Ireland,2004,0.040766666666666666,0.04036666666666667,0.0003999999999999976,0.28,0.0239492,0.067
Ireland,2005,0.03329166666666667,0.03353333333333334,-0.0002416666666666678,0.261,0.0259303,0.057
Ireland,2006,0.037649999999999996,0.037625,2.4999999999997247e-05,0.237,0.0377598,0.05
Ireland,2007,0.04305833333333334,0.042166666666666665,0.0008916666666666725,0.239,0.0127513,0.053
Ireland,2008,0.04525833333333334,0.03984166666666667,0.005416666666666667,0.425,-0.0574745,-0.045
Ireland,2009,0.05225,0.032225,0.020025,0.618,-0.118575,-0.051
Ireland,2010,0.05739166666666667,0.027433333333333334,0.029958333333333333,0.862,-0.2930644,0.017
Ireland,2011,0.09601666666666665,0.026083333333333333,0.06993333333333332,1.0959999999999999,-0.1013848999999999,0.016
Ireland,2012,0.06171666666666667,0.01495,0.04676666666666667,1.189,-0.0428361,-0.004
Ireland,2013,0.037899999999999996,0.015700000000000002,0.022199999999999994,1.177,-0.0203342,0.022000000000000002
Ireland,2014,0.023675,0.011633333333333334,0.012041666666666668,1.014,0.0026685999999999,0.094
Ireland,2015,0.011825,0.004958333333333333,0.006866666666666668,0.74,0.0057443999999999,0.24600000000000002
Ireland,2016,0.007358333333333334,0.0009000000000000001,0.006458333333333334,0.727,0.0151087,0.012
Ireland,2017,0.008016666666666667,0.0031750000000000003,0.004841666666666666,0.652,0.0161824,0.10099999999999999
Ireland,2018,0.009518416666666666,0.003966666666666666,0.00555175,0.613,0.0167368,0.077
Ireland,2019,0.0033105833333333333,-0.002525,0.005835583333333333,0.5579999999999999,0.0165956,0.05
Ireland,2020,-0.0006104166666666667,-0.0051066666666666665,0.00449625,0.569,-0.0400171999999999,0.07
Ireland,2021,0.0006315833333333333,-0.003735,0.004366583333333333,0.524,-0.0059299999999999,0.166
Ireland,2022,0.017456166666666665,0.011424166666666666,0.006031999999999999,0.43,0.0226552,0.08199999999999999
Ireland,2023,0.02866616666666667,0.024341666666666668,0.004324500000000002,0.418,0.0206379,-0.033
Ireland,2024,0.027175833333333333,0.023205,0.003970833333333333,0.38299999999999995,0.0472630999999999,0.036000000000000004
Ireland,2025,0.028987250000000003,0.02609,0.002897250000000004,0.32899999999999996,0.0222202,0.08
Italy,2000,0.055751666666666665,0.05263333333333333,0.003118333333333334,1.087,0.0368244,0.039
Italy,2001,0.0518875,0.047975,0.003912500000000006,1.085,0.0286232,0.02
Italy,2002,0.05034333333333333,0.047825,0.0025183333333333308,1.0590000000000002,0.0254078999999999,0.003
Italy,2003,0.042480833333333336,0.04070833333333333,0.0017725000000000032,1.051,0.0171439,0.001
Italy,2004,0.04258833333333333,0.04036666666666667,0.0022216666666666635,1.047,0.0111922,0.015
Italy,2005,0.0355525,0.03353333333333334,0.002019166666666662,1.062,0.0038584,0.008
Italy,2006,0.04046416666666667,0.037625,0.0028391666666666704,1.063,0.0080975,0.018000000000000002
Italy,2007,0.0448725,0.042166666666666665,0.002705833333333338,1.035,0.034022,0.015
Italy,2008,0.04681333333333334,0.03984166666666667,0.006971666666666668,1.058,0.023243,-0.01
Italy,2009,0.043111666666666666,0.032225,0.01088666666666667,1.161,-0.0066927,-0.053
Italy,2010,0.040358333333333336,0.027433333333333334,0.012925000000000002,1.188,0.0009444,0.015
Italy,2011,0.05422833333333333,0.026083333333333333,0.028144999999999996,1.1909999999999998,0.0109535999999999,0.006999999999999999
Italy,2012,0.0549275,0.01495,0.0399775,1.2590000000000001,0.0213314,-0.03
Italy,2013,0.04316416666666667,0.015700000000000002,0.027464166666666668,1.319,0.0191548,-0.016
Italy,2014,0.028931666666666665,0.011633333333333334,0.017298333333333332,1.348,0.0173211,0.0
Italy,2015,0.017139166666666667,0.004958333333333333,0.012180833333333335,1.348,0.0163617,0.01
Italy,2016,0.014863333333333333,0.0009000000000000001,0.013963333333333333,1.3419999999999999,0.0148177,0.015
Italy,2017,0.02113,0.0031750000000000003,0.017955,1.337,0.0123623,0.017
Italy,2018,0.026103333333333336,0.003966666666666666,0.02213666666666667,1.3419999999999999,0.0142866,0.01
Italy,2019,0.019515,-0.002525,0.02204,1.339,0.0188757,0.006
Italy,2020,0.011681666666666667,-0.0051066666666666665,0.016788333333333332,1.544,-0.059581,-0.087
Italy,2021,0.008109166666666666,-0.003735,0.011844166666666666,1.4580000000000002,-0.0545620999999999,0.092
Italy,2022,0.0315675,0.011424166666666666,0.020143333333333333,1.3840000000000001,-0.0401662,0.049
Italy,2023,0.042832499999999996,0.024341666666666668,0.018490833333333328,1.339,-0.0350429,0.01
Italy,2024,0.037074166666666665,0.023205,0.013869166666666665,1.347,0.0053151,0.011000000000000001
Italy,2025,0.035889166666666666,0.02609,0.009799166666666668,1.371,0.0078674,0.006
Netherlands,2000,0.05403333333333333,0.05263333333333333,0.0013999999999999985,0.522,0.0457439,0.042
Netherlands,2001,0.04957,0.047975,0.0015950000000000061,0.495,0.0254275,0.023
Netherlands,2002,0.048902499999999995,0.047825,0.0010774999999999951,0.488,0.0046351,0.002
Netherlands,2003,0.041231666666666666,0.04070833333333333,0.000523333333333334,0.499,-0.0071606,0.001
Netherlands,2004,0.04095,0.04036666666666667,0.0005833333333333315,0.502,0.0058448999999999,0.02
Netherlands,2005,0.03373916666666667,0.03353333333333334,0.0002058333333333287,0.496,0.0173795,0.02
Netherlands,2006,0.037816666666666665,0.037625,0.00019166666666666637,0.45,0.0212684,0.035
Netherlands,2007,0.042877500000000006,0.042166666666666665,0.0007108333333333411,0.428,0.0190486,0.039
Netherlands,2008,0.042277499999999996,0.03984166666666667,0.0024358333333333246,0.5429999999999999,0.0208137999999999,0.021
Netherlands,2009,0.03686833333333333,0.032225,0.004643333333333333,0.563,-0.0295792,-0.037000000000000005
Netherlands,2010,0.029900833333333335,0.027433333333333334,0.002467500000000001,0.589,-0.0342523,0.013000000000000001
Netherlands,2011,0.029885833333333334,0.026083333333333333,0.0038025000000000003,0.612,-0.0256428,0.018000000000000002
Netherlands,2012,0.0193225,0.01495,0.0043725,0.657,-0.0209349,-0.01
Netherlands,2013,0.019605833333333333,0.015700000000000002,0.0039058333333333306,0.672,-0.0119327,0.0
Netherlands,2014,0.014546666666666666,0.011633333333333334,0.002913333333333332,0.672,-0.0065397,0.016
Netherlands,2015,0.006903333333333333,0.004958333333333333,0.0019450000000000005,0.638,-0.0049486999999999,0.021
Netherlands,2016,0.0029108333333333334,0.0009000000000000001,0.0020108333333333332,0.609,0.0141327,0.024
Netherlands,2017,0.005220833333333333,0.0031750000000000003,0.002045833333333333,0.56,0.0237354,0.027999999999999997
Netherlands,2018,0.005769166666666666,0.003966666666666666,0.0018025000000000003,0.516,0.0240044,0.023
Netherlands,2019,-0.0007016666666666665,-0.002525,0.0018233333333333335,0.47700000000000004,0.0268533,0.023
Netherlands,2020,-0.0037683333333333336,-0.0051066666666666665,0.0013383333333333329,0.534,-0.0302377,-0.039
Netherlands,2021,-0.0032808333333333335,-0.003735,0.0004541666666666665,0.505,-0.0171656,0.063
Netherlands,2022,0.013776666666666666,0.011424166666666666,0.0023525000000000004,0.484,0.0057072999999999,0.05
Netherlands,2023,0.02792,0.024341666666666668,0.0035783333333333327,0.45799999999999996,0.0030739,-0.006
Netherlands,2024,0.026205000000000003,0.023205,0.0030000000000000027,0.43799999999999994,-0.0002942,0.011000000000000001
Netherlands,2025,0.028135833333333332,0.02609,0.0020458333333333335,0.444,-0.0087735,0.016
Portugal,2000,0.05594,0.05263333333333333,0.003306666666666666,0.542,-0.0016377,0.038
Portugal,2001,0.051575,0.047975,0.003600000000000006,0.574,-0.0175319,0.019
Portugal,2002,0.05006416666666667,0.047825,0.002239166666666667,0.6,-0.0045183,0.008
Portugal,2003,0.041800833333333336,0.04070833333333333,0.0010925000000000032,0.639,-0.0304097999999999,-0.009000000000000001
Portugal,2004,0.04144,0.04036666666666667,0.001073333333333329,0.6709999999999999,-0.0363485,0.018000000000000002
Portugal,2005,0.03437916666666666,0.03353333333333334,0.0008458333333333234,0.722,-0.0356222,0.008
Portugal,2006,0.03914666666666667,0.037625,0.0015216666666666712,0.737,-0.0138450999999999,0.016
Portugal,2007,0.04424166666666666,0.042166666666666665,0.0020749999999999935,0.727,0.0009112,0.025
Portugal,2008,0.04519833333333333,0.03984166666666667,0.005356666666666662,0.755,-0.0069921,0.003
Portugal,2009,0.04210166666666667,0.032225,0.009876666666666672,0.8759999999999999,-0.0689268,-0.031
Portugal,2010,0.05395833333333333,0.027433333333333334,0.026524999999999996,0.9990000000000001,-0.0850192999999999,0.017
Portugal,2011,0.1023925,0.026083333333333333,0.07630916666666666,1.14,-0.0346102,-0.017
Portugal,2012,0.10546666666666667,0.01495,0.09051666666666666,1.286,-0.0137451999999999,-0.040999999999999995
Portugal,2013,0.06293666666666667,0.015700000000000002,0.04723666666666666,1.308,-0.0044469999999999,-0.01
Portugal,2014,0.03753833333333333,0.011633333333333334,0.025904999999999997,1.325,-0.0255049,0.006999999999999999
Portugal,2015,0.024228333333333334,0.004958333333333333,0.019270000000000002,1.31,0.0005953,0.016
Portugal,2016,0.031710833333333334,0.0009000000000000001,0.030810833333333332,1.3119999999999998,0.0215215,0.02
Portugal,2017,0.030522499999999998,0.0031750000000000003,0.027347499999999997,1.26,0.0073132,0.033
Portugal,2018,0.018385000000000002,0.003966666666666666,0.014418333333333335,1.2109999999999999,0.0289418,0.028999999999999998
Portugal,2019,0.007566666666666666,-0.002525,0.010091666666666665,1.161,0.0301921,0.027000000000000003
Portugal,2020,0.0041466666666666666,-0.0051066666666666665,0.009253333333333332,1.341,-0.0291833,-0.08199999999999999
Portugal,2021,0.0029516666666666667,-0.003735,0.006686666666666667,1.239,-0.0046154,0.055999999999999994
Portugal,2022,0.021700833333333332,0.011424166666666666,0.010276666666666667,1.112,0.0157843,0.07
Portugal,2023,0.032378333333333335,0.024341666666666668,0.008036666666666668,0.9690000000000001,0.0317474,0.031
Portugal,2024,0.0295725,0.023205,0.006367500000000002,0.935,0.0269073,0.027000000000000003
Portugal,2025,0.030806666666666666,0.02609,0.004716666666666668,0.897,0.0261539,0.019
Spain,2000,0.05525583333333334,0.05263333333333333,0.0026225000000000068,0.578,0.020021,0.052000000000000005
Spain,2001,0.05115666666666666,0.047975,0.003181666666666666,0.541,0.0251456,0.039
Spain,2002,0.049576666666666665,0.047825,0.0017516666666666653,0.512,0.0231491999999999,0.027999999999999997
Spain,2003,0.04123416666666666,0.04070833333333333,0.0005258333333333295,0.47700000000000004,0.0192479,0.028999999999999998
Spain,2004,0.04103416666666667,0.04036666666666667,0.0006675000000000014,0.45299999999999996,0.0187928999999999,0.031
Spain,2005,0.0338725,0.03353333333333334,0.00033916666666666123,0.424,0.0297611999999999,0.036000000000000004
Spain,2006,0.03784916666666667,0.037625,0.00022416666666667112,0.39,0.0373044,0.04
Spain,2007,0.04306416666666666,0.042166666666666665,0.0008974999999999955,0.35700000000000004,0.0346121,0.035
Spain,2008,0.04365333333333333,0.03984166666666667,0.0038116666666666577,0.396,-0.0298346,0.008
Spain,2009,0.03978416666666667,0.032225,0.007559166666666672,0.531,-0.0952674,-0.038
Spain,2010,0.04251333333333334,0.027433333333333334,0.015080000000000007,0.603,-0.0759006,0.001
Spain,2011,0.0544075,0.026083333333333333,0.028324166666666664,0.695,-0.072063,-0.006
Spain,2012,0.0584625,0.01495,0.0435125,0.8959999999999999,-0.084695,-0.028999999999999998
Spain,2013,0.0456125,0.015700000000000002,0.029912499999999998,1.0,-0.0392453,-0.013999999999999999
Spain,2014,0.027216666666666667,0.011633333333333334,0.015583333333333333,1.044,-0.0250349,0.015
Spain,2015,0.017348333333333334,0.004958333333333333,0.012390000000000002,1.025,-0.0219665,0.040999999999999995
Spain,2016,0.013934166666666666,0.0009000000000000001,0.013034166666666666,1.02,-0.0144038,0.028999999999999998
Spain,2017,0.015556666666666668,0.0031750000000000003,0.012381666666666668,1.012,-0.005376,0.028999999999999998
Spain,2018,0.014222499999999999,0.003966666666666666,0.010255833333333332,0.998,-0.0011136,0.024
Spain,2019,0.006610833333333333,-0.002525,0.009135833333333333,0.977,-0.0081286999999999,0.02
Spain,2020,0.0037725,-0.0051066666666666665,0.008879166666666667,1.193,-0.0768411,-0.109
Spain,2021,0.0034741666666666666,-0.003735,0.007209166666666667,1.157,-0.04533,0.067
Spain,2022,0.021805,0.011424166666666666,0.010380833333333336,1.093,-0.0227712,0.064
Spain,2023,0.03476166666666667,0.024341666666666668,0.010420000000000002,1.052,-0.0096651,0.024
Spain,2024,0.03148583333333333,0.023205,0.008280833333333331,1.016,-0.007824,0.037000000000000005
Spain,2025,0.032175833333333334,0.02609,0.0060858333333333355,1.0070000000000001,-9.5e-06,0.026000000000000002
