france_10y,france_30y,month,germany_10y,germany_30y,spread_10y,spread_30y,delta_spread_10y,delta_spread_30y
0.0375,0.038818181818181814,2006-11,0.037599999999999995,0.038881818181818184,-9.999999999999593e-05,-6.363636363636987e-05,0.00010454545454545439,-3.636363636363993e-05
0.03811052631578947,0.03943684210526316,2006-12,0.038247368421052634,0.039468421052631576,-0.00013684210526316437,-3.157894736841721e-05,-3.6842105263168445e-05,3.2057416267952665e-05
0.040559090909090906,0.04176818181818182,2007-01,0.040581818181818184,0.04173181818181818,-2.2727272727278425e-05,3.636363636363993e-05,0.00011411483253588595,6.794258373205714e-05
0.040915,0.042205,2007-02,0.040965,0.04214,-5.000000000000143e-05,6.500000000000256e-05,-2.7272727272723007e-05,2.8636363636362627e-05
0.0399,0.04163636363636363,2007-03,0.03992727272727273,0.04163636363636364,-2.7272727272729946e-05,-6.938893903907228e-18,2.2727272727271486e-05,-6.50000000000095e-05
0.04203157894736842,0.043873684210526315,2007-04,0.042084210526315786,0.043936842105263156,-5.263157894736664e-05,-6.315789473684136e-05,-2.5358851674636695e-05,-6.315789473683442e-05
0.04330454545454546,0.04480454545454546,2007-05,0.043333333333333335,0.04489523809523809,-2.878787878787814e-05,-9.069264069263422e-05,2.38437001594885e-05,-2.753474595579286e-05
0.04614285714285714,0.04758095238095238,2007-06,0.04615714285714286,0.047747619047619046,-1.4285714285723616e-05,-0.00016666666666666913,1.4502164502154524e-05,-7.597402597403491e-05
0.045904545454545455,0.047104545454545454,2007-07,0.045659090909090906,0.04701363636363636,0.0002454545454545487,9.090909090909288e-05,0.0002597402597402723,0.000257575757575762
0.043939130434782606,0.045595652173913044,2007-08,0.043613043478260866,0.0456695652173913,0.00032608695652174,-7.391304347825756e-05,8.063241106719132e-05,-0.00016482213438735044
0.04344,0.045950000000000005,2007-09,0.042985,0.046055,0.0004549999999999971,-0.00010499999999999399,0.00012891304347825705,-3.108695652173643e-05
0.043973913043478266,0.04612173913043478,2007-10,0.043504347826086955,0.0462391304347826,0.00046956521739131146,-0.00011739130434781919,1.4565217391314389e-05,-1.2391304347825205e-05
0.04234545454545455,0.045440909090909094,2007-11,0.041772727272727274,0.04548181818181818,0.0005727272727272734,-4.090909090908451e-05,0.0001031620553359619,7.648221343873468e-05
0.04346,0.0464,2007-12,0.04298823529411765,0.046494117647058825,0.0004717647058823521,-9.411764705882786e-05,-0.00010096256684492128,-5.320855614974335e-05
0.04165,0.045700000000000005,2008-01,0.04108181818181818,0.04573181818181818,0.0005681818181818218,-3.181818181817453e-05,9.641711229946975e-05,6.229946524065333e-05
0.04105238095238095,0.0458,2008-02,0.04031428571428571,0.045823809523809524,0.0007380952380952391,-2.380952380952317e-05,0.00016991341991341724,8.00865800865136e-06
0.04044210526315789,0.04614736842105263,2008-03,0.03926315789473684,0.04595789473684211,0.0011789473684210502,0.00018947368421052407,0.00044085213032581116,0.00021328320802004724
0.042527272727272726,0.04702727272727272,2008-04,0.04194545454545454,0.04697272727272728,0.0005818181818181833,5.4545454545446015e-05,-0.0005971291866028669,-0.00013492822966507806
0.04398571428571428,0.04768571428571429,2008-05,0.04325238095238095,0.047680952380952386,0.0007333333333333289,4.761904761903246e-06,0.00015151515151514555,-4.978354978354277e-05
0.04718571428571429,0.04884761904761905,2008-06,0.04631428571428572,0.04879047619047619,0.0008714285714285716,5.714285714285977e-05,0.0001380952380952427,5.2380952380956525e-05
0.047052173913043484,0.049056521739130436,2008-07,0.04611304347826087,0.04881304347826087,0.000939130434782616,0.00024347826086956736,6.770186335404438e-05,0.0001863354037267076
0.044071428571428574,0.04741904761904762,2008-08,0.04319047619047619,0.0465047619047619,0.000880952380952385,0.0009142857142857147,-5.817805383023095e-05,0.0006708074534161473
0.043790909090909096,0.04775454545454545,2008-09,0.04253181818181818,0.04700454545454546,0.001259090909090918,0.0007499999999999937,0.000378138528138533,-0.00016428571428572097
0.04255652173913044,0.044965217391304345,2008-10,0.040708695652173915,0.04485217391304348,0.0018478260869565222,0.00011304347826086164,0.0005887351778656041,-0.0006369565217391321
0.03998,0.043585,2008-11,0.03778,0.04247,0.0022000000000000006,0.001114999999999998,0.0003521739130434784,0.0010019565217391363
0.03514545454545454,0.037386363636363634,2008-12,0.033057894736842106,0.03691052631578948,0.0020875598086124367,0.0004758373205741573,-0.00011244019138756389,-0.0006391626794258407
0.03613809523809524,0.04091904761904762,2009-01,0.03355238095238095,0.03977142857142857,0.0025857142857142884,0.00114761904761905,0.0004981544771018517,0.0006717817270448928
0.03679,0.04102,2009-02,0.03419,0.039169999999999996,0.002600000000000005,0.0018500000000000044,1.4285714285716677e-05,0.0007023809523809543
0.036440909090909086,0.04185,2009-03,0.03368636363636363,0.040545454545454544,0.002754545454545454,0.001304545454545454,0.00015454545454544888,-0.0005454545454545504
0.036515000000000006,0.041975,2009-04,0.034495,0.041269999999999994,0.002020000000000008,0.0007050000000000042,-0.0007345454545454461,-0.0005995454545454498
0.03791,0.044005,2009-05,0.036585,0.042895,0.0013249999999999998,0.0011099999999999999,-0.0006950000000000081,0.00040499999999999564
0.03901363636363637,0.044981818181818185,2009-06,0.03751363636363637,0.04408181818181818,0.0015000000000000013,0.000900000000000005,0.00017500000000000154,-0.0002099999999999949
0.03668260869565217,0.0430304347826087,2009-07,0.035656521739130434,0.0425,0.0010260869565217393,0.0005304347826086964,-0.0004739130434782621,-0.0003695652173913086
0.03554761904761904,0.04137142857142857,2009-08,0.03476666666666667,0.04112380952380953,0.0007809523809523752,0.00024761904761904513,-0.000245134575569364,-0.00028281573498965124
0.0357,0.04198181818181818,2009-09,0.03438181818181818,0.04172272727272727,0.0013181818181818225,0.0002590909090909102,0.0005372294372294473,1.1471861471865075e-05
0.03556363636363636,0.04172272727272727,2009-10,0.03419090909090909,0.04088636363636364,0.0013727272727272685,0.0008363636363636351,5.4545454545446015e-05,0.0005772727272727249
0.03560190476190476,0.04186666666666666,2009-11,0.03422857142857143,0.041042857142857145,0.0013733333333333306,0.0008238095238095183,6.060606060620533e-07,-1.2554112554116759e-05
0.034841363636363636,0.041220454545454546,2009-12,0.033575,0.04052,0.001266363636363635,0.0007004545454545458,-0.00010696969696969566,-0.00012335497835497256
0.0355025,0.042083999999999996,2010-01,0.034315,0.04102,0.001187500000000001,0.0010639999999999955,-7.886363636363386e-05,0.00036354545454544973
0.0346665,0.041089,2010-02,0.033215,0.03965,0.0014515000000000014,0.0014390000000000028,0.00026400000000000035,0.00037500000000000727
0.0341608695652174,0.04081782608695652,2010-03,0.032578260869565216,0.03920869565217391,0.001582608695652181,0.001609130434782613,0.00013110869565217953,0.0001701304347826102
0.0339265,0.040025500000000006,2010-04,0.03223,0.03834,0.0016964999999999966,0.0016855000000000064,0.00011389130434781569,7.636956521739346e-05
0.03089809523809524,0.038161904761904765,2010-05,0.02921904761904762,0.03578571428571429,0.0016790476190476182,0.002376190476190476,-1.7452380952378416e-05,0.0006906904761904697
0.030802727272727273,0.03750818181818182,2010-06,0.02756818181818182,0.03380909090909091,0.0032345454545454518,0.0036990909090909158,0.0015554978354978335,0.0013229004329004396
0.030042272727272726,0.036249090909090904,2010-07,0.02745,0.03371818181818182,0.002592272727272728,0.0025309090909090837,-0.000642272727272724,-0.001168181818181832
0.027213636363636363,0.03325818181818182,2010-08,0.024995454545454546,0.030527272727272726,0.002218181818181817,0.002730909090909093,-0.0003740909090909107,0.0002000000000000092
0.027024545454545454,0.03282318181818182,2010-09,0.024277272727272727,0.029604545454545453,0.0027472727272727267,0.003218636363636368,0.0005290909090909096,0.0004877272727272751
0.02750666666666667,0.0330652380952381,2010-10,0.024785714285714282,0.029666666666666668,0.0027209523809523864,0.0033985714285714314,-2.6320346320340277e-05,0.0001799350649350634
0.029792727272727273,0.03441545454545454,2010-11,0.02675909090909091,0.03076818181818182,0.0030336363636363634,0.0036472727272727212,0.00031268398268397696,0.0002487012987012899
0.03331304347826087,0.03844608695652174,2010-12,0.030580952380952382,0.03438571428571428,0.0027320910973084866,0.004060372670807458,-0.0003015452663278767,0.00041309994353473656
0.034300952380952376,0.03933904761904762,2011-01,0.03142857142857143,0.03521428571428572,0.0028723809523809457,0.004124761904761902,0.00014028985507245906,6.438923395444413e-05
0.035925,0.0408065,2011-02,0.033185,0.03695,0.0027399999999999994,0.0038565000000000058,-0.00013238095238094633,-0.00026826190476189615
0.03609347826086956,0.04089260869565217,2011-03,0.03334782608695652,0.03724782608695652,0.002745652173913038,0.0036447826086956486,5.652173913038572e-06,-0.00021171739130435713
0.03708,0.04220157894736842,2011-04,0.03473157894736842,0.03886315789473684,0.002348421052631583,0.003338421052631581,-0.000397231121281455,-0.00030636155606406784
0.03498136363636364,0.04055409090909091,2011-05,0.032081818181818184,0.03675909090909091,0.0028995454545454533,0.0037949999999999998,0.0005511244019138703,0.000456578947368419
0.033899090909090906,0.04042727272727273,2011-06,0.030527272727272726,0.03625,0.0033718181818181807,0.004177272727272731,0.00047227272727272743,0.0003822727272727311
0.03341809523809524,0.03976095238095238,2011-07,0.02873809523809524,0.03514285714285714,0.00468,0.004618095238095241,0.0013081818181818194,0.00044082251082250973
0.02940478260869565,0.03684434782608696,2011-08,0.02394782608695652,0.03174347826086956,0.00545695652173913,0.005100869565217402,0.0007769565217391299,0.000482774327122161
0.026204090909090906,0.034818636363636364,2011-09,0.019649999999999997,0.02795909090909091,0.006554090909090909,0.006859545454545455,0.0010971343873517787,0.0017586758893280534
0.029737619047619047,0.03746523809523809,2011-10,0.021504761904761905,0.028404761904761905,0.008232857142857142,0.009060476190476188,0.0016787662337662337,0.0022009307359307333
0.034166363636363634,0.041103181818181816,2011-11,0.020413636363636363,0.02709090909090909,0.01375272727272727,0.014012272727272727,0.005519870129870128,0.004951796536796539
0.03160190476190476,0.037098095238095236,2011-12,0.021023809523809524,0.025833333333333333,0.010578095238095237,0.011264761904761902,-0.0031746320346320335,-0.002747510822510825
0.031832727272727276,0.038372727272727274,2012-01,0.01945909090909091,0.025,0.012373636363636368,0.013372727272727272,0.0017955411255411308,0.00210796536796537
0.02977761904761905,0.036571428571428574,2012-02,0.019776190476190475,0.025357142857142856,0.010001428571428574,0.011214285714285718,-0.0023722077922077936,-0.002158441558441554
0.028290909090909092,0.036729090909090906,2012-03,0.019777272727272727,0.025500000000000002,0.008513636363636366,0.011229090909090904,-0.0014877922077922087,1.4805194805185551e-05
0.02987157894736842,0.03772368421052632,2012-04,0.018,0.024457894736842106,0.01187157894736842,0.013265789473684213,0.003357942583732055,0.0020366985645933096
0.027603809523809524,0.03470809523809524,2012-05,0.015250000000000001,0.021672727272727274,0.012353809523809522,0.013035367965367965,0.0004822305764411016,-0.00023042150831624822
0.025699999999999997,0.033724285714285714,2012-06,0.014871428571428572,0.02094285714285714,0.010828571428571425,0.012781428571428572,-0.0015252380952380969,-0.00025393939393939316
0.022856818181818183,0.032309090909090905,2012-07,0.013659090909090909,0.021863636363636363,0.009197727272727274,0.010445454545454542,-0.0016308441558441512,-0.0023359740259740296
0.021272608695652173,0.030430434782608696,2012-08,0.014695652173913044,0.022282608695652174,0.0065769565217391295,0.008147826086956522,-0.0026207707509881446,-0.0022976284584980203
0.022650999999999998,0.032084,2012-09,0.015735000000000002,0.02355,0.006915999999999995,0.008534,0.0003390434782608656,0.0003861739130434777
0.02172217391304348,0.03131608695652174,2012-10,0.015591304347826088,0.023539130434782608,0.006130869565217391,0.007776956521739129,-0.0007851304347826042,-0.0007570434782608708
0.021269999999999997,0.03107545454545454,2012-11,0.014422727272727271,0.022595454545454544,0.006847272727272726,0.008479999999999998,0.0007164031620553353,0.0007030434782608688
0.01988105263157895,0.030471052631578944,2012-12,0.014070588235294118,0.02239411764705882,0.005810464396284831,0.008076934984520123,-0.0010368083309878953,-0.0004030650154798754
0.021444545454545456,0.03154454545454546,2013-01,0.01555909090909091,0.023777272727272727,0.005885454545454546,0.00776727272727273,7.499014916971525e-05,-0.00030966225724739227
0.0223615,0.032278,2013-02,0.015805,0.02384,0.0065565,0.008438000000000001,0.0006710454545454537,0.0006707272727272708
0.0207285,0.031644500000000006,2013-03,0.014305000000000002,0.02282,0.006423499999999999,0.008824500000000006,-0.00013300000000000117,0.0003865000000000049
0.018202857142857142,0.02966,2013-04,0.01279047619047619,0.021823809523809523,0.0054123809523809515,0.007836190476190476,-0.0010111190476190472,-0.0009883095238095302
0.018094545454545453,0.029468181818181817,2013-05,0.013831818181818183,0.022645454545454545,0.0042627272727272705,0.006822727272727272,-0.001149653679653681,-0.0010134632034632038
0.021997,0.032468,2013-06,0.01601,0.024210000000000002,0.005986999999999999,0.008257999999999995,0.0017242727272727288,0.0014352727272727225
0.022619565217391304,0.032685652173913046,2013-07,0.016291304347826087,0.024239130434782607,0.006328260869565217,0.00844652173913044,0.0003412608695652179,0.00018852173913044487
0.023935454545454548,0.03354954545454546,2013-08,0.018231818181818182,0.025704545454545456,0.005703636363636366,0.007845000000000001,-0.0006246245059288516,-0.0006015217391304381
0.02545,0.03542,2013-09,0.019285714285714288,0.026966666666666667,0.006164285714285712,0.008453333333333334,0.00046064935064934684,0.0006083333333333323
0.023936086956521743,0.034192608695652174,2013-10,0.01826521739130435,0.026808695652173916,0.005670869565217392,0.007383913043478258,-0.0004934161490683202,-0.0010694202898550755
0.022745238095238096,0.03346190476190476,2013-11,0.01766190476190476,0.02654761904761905,0.0050833333333333355,0.006914285714285713,-0.0005875362318840567,-0.000469627329192545
0.0235475,0.033349000000000004,2013-12,0.019,0.026861111111111113,0.0045474999999999995,0.00648788888888889,-0.0005358333333333361,-0.00042639682539682283
0.023613181818181818,0.03344090909090909,2014-01,0.01875909090909091,0.026545454545454542,0.004854090909090909,0.006895454545454548,0.00030659090909090914,0.0004075656565656581
0.021695,0.0320475,2014-02,0.016635,0.02505,0.0050599999999999985,0.0069975,0.00020590909090908993,0.00010204545454545189
0.020973333333333333,0.031286190476190474,2014-03,0.01612857142857143,0.02489047619047619,0.004844761904761904,0.006395714285714286,-0.00021523809523809473,-0.0006017857142857144
0.0200725,0.030372,2014-04,0.015775,0.024435000000000002,0.004297499999999999,0.005936999999999998,-0.0005472619047619046,-0.000458714285714288
0.01844095238095238,0.028521904761904766,2014-05,0.014385714285714285,0.02319047619047619,0.004055238095238096,0.005331428571428577,-0.0002422619047619031,-0.0006055714285714206
0.017164761904761905,0.028015714285714286,2014-06,0.013671428571428572,0.02312857142857143,0.0034933333333333327,0.004887142857142857,-0.0005619047619047635,-0.00044428571428572
0.015418260869565216,0.026116956521739128,2014-07,0.012230434782608695,0.021543478260869563,0.0031878260869565214,0.004573478260869564,-0.0003055072463768113,-0.00031366459627329285
0.013567619047619047,0.023783333333333333,2014-08,0.010547619047619047,0.019347619047619048,0.00302,0.004435714285714286,-0.00016782608695652124,-0.00013776397515527852
0.01307590909090909,0.02404909090909091,2014-09,0.010059090909090908,0.019509090909090906,0.0030168181818181813,0.004540000000000002,-3.1818181818188407e-06,0.00010428571428571648
0.012337391304347826,0.023090434782608697,2014-10,0.008854545454545455,0.018486363636363638,0.003482845849802371,0.004604071146245059,0.0004660276679841896,6.407114624505661e-05
0.011316,0.022159,2014-11,0.008275000000000001,0.01813,0.0030409999999999986,0.004029000000000001,-0.0004418458498023723,-0.0005750711462450576
0.009317619047619049,0.01968,2014-12,0.0069,0.016094736842105262,0.0024176190476190487,0.003585263157894737,-0.0006233809523809499,-0.0004437368421052641
0.006939047619047618,0.016097619047619048,2015-01,0.0045,0.012404761904761905,0.0024390476190476185,0.0036928571428571436,2.1428571428569812e-05,0.00010759398496240635
0.0060845,0.0139075,2015-02,0.00346,0.010235,0.0026244999999999997,0.0036725000000000004,0.0001854523809523812,-2.0357142857143143e-05
0.005129545454545455,0.011853181818181818,2015-03,0.0025681818181818184,0.00805909090909091,0.002561363636363637,0.0037940909090909084,-6.313636363636287e-05,0.000121590909090908
0.0041485,0.0105945,2015-04,0.00162,0.00661,0.0025285000000000004,0.003984499999999999,-3.286363636363643e-05,0.0001904090909090909
0.008663,0.016531499999999998,2015-05,0.006073684210526316,0.012394736842105262,0.0025893157894736844,0.004136763157894735,6.0815789473684e-05,0.00015226315789473605
0.01179909090909091,0.020554545454545454,2015-06,0.008622727272727273,0.015463636363636363,0.003176363636363637,0.00509090909090909,0.0005870478468899525,0.000954145933014355
0.01101913043478261,0.02068478260869565,2015-07,0.007839130434782609,0.015334782608695653,0.0031800000000000005,0.005349999999999999,3.636363636363646e-06,0.00025909090909090847
0.009679047619047618,0.019170952380952382,2015-08,0.006371428571428571,0.013495238095238095,0.003307619047619047,0.005675714285714287,0.00012761904761904655,0.00032571428571428855
0.009888636363636363,0.019913181818181816,2015-09,0.006668181818181818,0.014122727272727271,0.0032204545454545454,0.005790454545454545,-8.716450216450164e-05,0.00011474025974025741
0.008043636363636364,0.01835818181818182,2015-10,0.005390909090909091,0.013113636363636366,0.0026527272727272727,0.005244545454545453,-0.0005677272727272727,-0.0005459090909090917
0.008498095238095239,0.018734285714285714,2015-11,0.005542857142857143,0.013790476190476192,0.002955238095238096,0.004943809523809522,0.0003025108225108231,-0.0003007359307359309
0.009198181818181817,0.019195,2015-12,0.005985,0.013955,0.0032131818181818173,0.00524,0.00025794372294372144,0.00029619047619047767
0.008538500000000001,0.018898,2016-01,0.00507,0.013095,0.003468500000000001,0.005803000000000001,0.0002553181818181838,0.000563000000000001
0.00604,0.015912857142857145,2016-02,0.002104761904761905,0.009542857142857143,0.003935238095238096,0.006370000000000002,0.0004667380952380947,0.0005670000000000015
0.0051323809523809525,0.015237619047619047,2016-03,0.0018761904761904762,0.009761904761904762,0.0032561904761904763,0.005475714285714285,-0.0006790476190476195,-0.0008942857142857173
0.0044990476190476195,0.014607142857142858,2016-04,0.0016047619047619048,0.009423809523809524,0.0028942857142857147,0.005183333333333335,-0.00036190476190476164,-0.0002923809523809502
0.0049809090909090905,0.014895909090909092,2016-05,0.0016523809523809525,0.009661904761904762,0.003328528138528138,0.005234004329004329,0.00043424242424242336,5.067099567099449e-05
0.003961363636363637,0.012297727272727273,2016-06,-5.454545454545455e-05,0.006759090909090909,0.004015909090909092,0.005538636363636364,0.0006873809523809536,0.0003046320346320342
0.0017995238095238095,0.009484285714285714,2016-07,-0.0014428571428571429,0.00490952380952381,0.0032423809523809523,0.004574761904761904,-0.0007735281385281394,-0.0009638744588744592
0.001592608695652174,0.009356086956521738,2016-08,-0.0014739130434782608,0.004791304347826086,0.003066521739130435,0.004564782608695652,-0.0001758592132505175,-9.979296066252481e-06
0.001972272727272727,0.010521363636363636,2016-09,-0.001059090909090909,0.005854545454545454,0.003031363636363636,0.004666818181818182,-3.5158102766798954e-05,0.00010203557312252979
0.0031076190476190474,0.011555714285714285,2016-10,-6.000000000000001e-05,0.007225,0.0031676190476190476,0.004330714285714286,0.00013625541125541173,-0.00033610389610389587
0.006481363636363636,0.014603636363636364,2016-11,0.0020909090909090908,0.009081818181818182,0.004390454545454545,0.0055218181818181816,0.001222835497835497,0.0011911038961038957
0.007538571428571429,0.016428095238095238,2016-12,0.003142857142857143,0.010852380952380952,0.004395714285714286,0.005575714285714286,5.259740259741172e-06,5.389610389610472e-05
0.008643181818181817,0.018503181818181818,2017-01,0.0033045454545454545,0.011604545454545456,0.005338636363636363,0.006898636363636362,0.0009429220779220773,0.0013229220779220757
0.01062,0.020640000000000002,2017-02,0.003025,0.011685,0.007594999999999999,0.008955000000000003,0.002256363636363636,0.002056363636363641
0.010482173913043479,0.02020391304347826,2017-03,0.0036478260869565217,0.012178260869565218,0.006834347826086957,0.008025652173913041,-0.0007606521739130425,-0.0009293478260869615
0.009240555555555556,0.018995555555555557,2017-04,0.0025611111111111112,0.010777777777777778,0.0066794444444444444,0.008217777777777779,-0.00015490338164251237,0.00019212560386473732
0.008179545454545455,0.018317727272727274,2017-05,0.003904545454545455,0.012472727272727272,0.004275,0.005845000000000001,-0.0024044444444444443,-0.0023727777777777775
0.006616363636363636,0.016891363636363635,2017-06,0.0031952380952380956,0.011747619047619048,0.0034211255411255408,0.0051437445887445865,-0.0008538744588744594,-0.0007012554112554147
0.008378095238095237,0.01837142857142857,2017-07,0.005357142857142857,0.013442857142857142,0.0030209523809523794,0.004928571428571428,-0.0004001731601731614,-0.00021517316017315852
0.007285652173913043,0.017435217391304346,2017-08,0.004013043478260869,0.012304347826086956,0.0032726086956521737,0.00513086956521739,0.0002516563146997943,0.00020229813664596197
0.007154761904761904,0.017805238095238096,2017-09,0.00399047619047619,0.012614285714285715,0.003164285714285714,0.005190952380952381,-0.00010832298136645956,6.0082815734991205e-05
0.007209090909090909,0.01788590909090909,2017-10,0.004405,0.012815000000000002,0.002804090909090909,0.0050709090909090895,-0.00036019480519480524,-0.0001200432900432917
0.005974545454545455,0.016786818181818184,2017-11,0.003913636363636363,0.012177272727272726,0.0020609090909090915,0.004609545454545458,-0.0007431818181818173,-0.0004613636363636313
0.005691578947368421,0.016130000000000002,2017-12,0.003826315789473684,0.01183157894736842,0.0018652631578947366,0.004298421052631582,-0.00019564593301435495,-0.0003111244019138766
0.007674545454545454,0.017516818181818182,2018-01,0.005572727272727273,0.013045454545454548,0.0021018181818181813,0.004471363636363634,0.00023655502392344466,0.00017294258373205286
0.00922,0.017665,2018-02,0.007274999999999999,0.013614999999999999,0.0019450000000000014,0.0040500000000000015,-0.00015681818181817984,-0.0004213636363636329
0.00798047619047619,0.016555238095238095,2018-03,0.006042857142857143,0.012533333333333332,0.0019376190476190474,0.004021904761904763,-7.3809523809540215e-06,-2.809523809523852e-05
0.0075109999999999994,0.0160775,2018-04,0.005615,0.012289999999999999,0.0018959999999999992,0.0037875000000000027,-4.1619047619048145e-05,-0.00023440476190476033
0.007816363636363637,0.016735,2018-05,0.005414285714285714,0.012319047619047618,0.0024020779220779226,0.0044159523809523815,0.0005060779220779233,0.0006284523809523788
0.007144285714285714,0.01661,2018-06,0.004295238095238095,0.011414285714285714,0.002849047619047619,0.005195714285714286,0.00044696969696969655,0.0007797619047619046
0.006298636363636364,0.015399999999999999,2018-07,0.003495454545454545,0.010495454545454546,0.002803181818181819,0.004904545454545453,-4.5865800865800294e-05,-0.00029116883116883305
0.006784347826086957,0.015859565217391302,2018-08,0.003517391304347826,0.010400000000000001,0.003266956521739131,0.005459565217391301,0.00046377470355731237,0.0005550197628458476
0.007396,0.016462499999999998,2018-09,0.004295,0.01111,0.0031009999999999996,0.005352499999999998,-0.0001659565217391316,-0.00010706521739130281
0.00812608695652174,0.016887391304347826,2018-10,0.0046454545454545455,0.011131818181818182,0.003480632411067194,0.005755573122529644,0.0003796324110671946,0.00040307312252964647
0.007576818181818182,0.01673181818181818,2018-11,0.0038590909090909092,0.010704545454545454,0.0037177272727272727,0.006027272727272727,0.00023709486166007855,0.00027169960474308225
0.006881578947368422,0.016205263157894736,2018-12,0.002623529411764706,0.009188235294117648,0.004258049535603716,0.007017027863777088,0.000540322262876443,0.0009897551365043618
0.006343181818181818,0.015991818181818183,2019-01,0.0020136363636363637,0.00865909090909091,0.004329545454545454,0.007332727272727274,7.149591894173822e-05,0.00031569940895018536
0.0053325000000000004,0.01543,2019-02,0.00106,0.007795000000000001,0.0042725,0.0076349999999999986,-5.704545454545372e-05,0.0003022727272727248
0.003867142857142857,0.01451047619047619,2019-03,0.0005285714285714286,0.007361904761904762,0.0033385714285714286,0.007148571428571428,-0.0009339285714285717,-0.0004864285714285708
0.003004,0.013897499999999998,2019-04,4.999999999999999e-05,0.007050000000000001,0.002954,0.006847499999999998,-0.00038457142857142856,-0.00030107142857143006
0.0028863636363636366,0.013220454545454546,2019-05,-0.0007545454545454546,0.006268181818181818,0.0036409090909090914,0.006952272727272728,0.0006869090909090913,0.00010477272727273026
0.0008705,0.010199,2019-06,-0.002568421052631579,0.003863157894736842,0.003438921052631579,0.006335842105263158,-0.0002019880382775124,-0.00061643062200957
-0.0006,0.008618695652173913,2019-07,-0.0034391304347826087,0.003178260869565217,0.002839130434782609,0.005440434782608696,-0.0005997906178489701,-0.0008954073226544621
-0.0032122727272727272,0.0049822727272727275,2019-08,-0.006290909090909091,-0.0007045454545454546,0.0030786363636363637,0.005686818181818182,0.00023950592885375486,0.000246383399209486
-0.002638095238095238,0.005564285714285714,2019-09,-0.005847619047619048,-0.00024285714285714283,0.0032095238095238097,0.005807142857142857,0.000130887445887446,0.0001203246753246753
-0.0015321739130434782,0.0064130434782608695,2019-10,-0.004559090909090909,0.0008545454545454546,0.0030269169960474313,0.005558498023715415,-0.00018260681347637836,-0.00024864483342744177
-0.0003014285714285714,0.007516666666666666,2019-11,-0.003319047619047619,0.002,0.0030176190476190476,0.005516666666666666,-9.297948428383697e-06,-4.183135704874906e-05
0.000301,0.0080295,2019-12,-0.0026777777777777776,0.00245,0.0029787777777777777,0.0055795,-3.884126984126995e-05,6.283333333333401e-05
1.4090909090909089e-05,0.008027727272727271,2020-01,-0.002722727272727273,0.00265,0.002736818181818182,0.005377727272727272,-0.00024195959595959583,-0.0002017727272727284
-0.0017595,0.005796,2020-02,-0.00438,0.00083,0.0026205000000000004,0.004966,-0.00011631818181818141,-0.00041172727272727194
-0.000635,0.005736363636363637,2020-03,-0.005286363636363637,-0.0012863636363636363,0.004651363636363637,0.0070227272727272725,0.002030863636363636,0.0020567272727272726
0.0006699999999999999,0.007452,2020-04,-0.004295,-0.00015499999999999997,0.004965,0.007607,0.00031363636363636316,0.0005842727272727275
-0.00019750000000000003,0.0069495,2020-05,-0.004825,-0.000445,0.0046275000000000005,0.0073945,-0.00033749999999999926,-0.00021250000000000002
-0.0007827272727272727,0.006553181818181818,2020-06,-0.003904761904761905,0.0008428571428571429,0.003122034632034632,0.005710324675324676,-0.0015054653679653683,-0.0016841753246753244
-0.001902608695652174,0.005145652173913044,2020-07,-0.004821739130434782,-0.00015217391304347827,0.002919130434782608,0.005297826086956522,-0.00020290419725202402,-0.00041249858836815353
-0.0020642857142857142,0.004652380952380952,2020-08,-0.004923809523809524,-0.00023333333333333333,0.0028595238095238096,0.004885714285714286,-5.960662525879854e-05,-0.00041211180124223635
-0.0023045454545454545,0.004472727272727273,2020-09,-0.004990909090909091,-0.0002636363636363636,0.0026863636363636365,0.004736363636363637,-0.00017316017316017316,-0.00014935064935064912
-0.003118181818181818,0.0034363636363636363,2020-10,-0.005813636363636365,-0.0014454545454545456,0.0026954545454545465,0.004881818181818182,9.090909090909982e-06,0.00014545454545454497
-0.0033428571428571426,0.0031714285714285716,2020-11,-0.005861904761904762,-0.0015714285714285715,0.002519047619047619,0.004742857142857143,-0.00017640692640692734,-0.00013896103896103833
-0.0034363636363636363,0.003186363636363636,2020-12,-0.00586,-0.001645,0.0024236363636363635,0.004831363636363636,-9.541125541125562e-05,8.850649350649296e-05
-0.0030700000000000002,0.0036199999999999995,2021-01,-0.0055850000000000006,-0.001135,0.0025150000000000003,0.004755,9.136363636363682e-05,-7.636363636363656e-05
-0.001515,0.00581,2021-02,-0.00416,0.0009050000000000001,0.0026449999999999998,0.004905,0.00012999999999999947,0.00014999999999999996
-0.0006086956521739131,0.007252173913043478,2021-03,-0.0032434782608695653,0.0022434782608695652,0.002634782608695652,0.005008695652173913,-1.021739130434773e-05,0.00010369565217391297
-5e-05,0.008060000000000001,2021-04,-0.002795,0.002835,0.002745,0.005225000000000001,0.00011021739130434799,0.00021630434782608874
0.0014285714285714286,0.009728571428571428,2021-05,-0.0016899999999999999,0.003995,0.0031185714285714284,0.005733571428571428,0.0003735714285714284,0.0005085714285714268
0.0009045454545454546,0.009218181818181818,2021-06,-0.0022363636363636366,0.0031954545454545456,0.0031409090909090913,0.0060227272727272725,2.2337662337662892e-05,0.0002891558441558443
-0.0005090909090909091,0.007590909090909092,2021-07,-0.003795454545454545,0.0014181818181818182,0.003286363636363636,0.006172727272727273,0.00014545454545454454,0.00015000000000000083
-0.00155,0.00635,2021-08,-0.004986363636363637,-0.00014545454545454546,0.0034363636363636367,0.006495454545454546,0.00015000000000000083,0.00032272727272727227
4.5454545454545445e-05,0.008013636363636363,2021-09,-0.0033045454545454545,0.001759090909090909,0.00335,0.0062545454545454545,-8.636363636363659e-05,-0.0002409090909090911
0.0017952380952380952,0.008919047619047618,2021-10,-0.0017619047619047618,0.0024333333333333334,0.003557142857142857,0.006485714285714285,0.0002071428571428567,0.0002311688311688303
0.0009227272727272727,0.0076318181818181815,2021-11,-0.002990909090909091,0.0003727272727272727,0.003913636363636364,0.007259090909090909,0.0003564935064935071,0.0007733766233766239
0.00027391304347826085,0.007043478260869565,2021-12,-0.0036,-0.00037619047619047625,0.0038739130434782606,0.007419668737060041,-3.972332015810334e-05,0.00016057782796913278
0.0027523809523809528,0.009409523809523809,2022-01,-0.0011380952380952382,0.002195238095238095,0.0038904761904761907,0.007214285714285713,1.6563146997930142e-05,-0.00020538302277432838
0.0063,0.01158,2022-02,0.00136,0.0038,0.00494,0.0077800000000000005,0.0010495238095238092,0.0005657142857142874
0.007491304347826087,0.012817391304347826,2022-03,0.0027,0.004721739130434783,0.004791304347826087,0.008095652173913042,-0.00014869565217391287,0.00031565217391304155
0.0126,0.016910526315789473,2022-04,0.0073421052631578955,0.008836842105263157,0.005257894736842105,0.008073684210526316,0.00046659038901601755,-2.196796338672577e-05
0.015072727272727272,0.019636363636363636,2022-05,0.009654545454545456,0.011245454545454546,0.005418181818181817,0.00839090909090909,0.00016028708133971215,0.00031722488038277326
0.020145454545454546,0.024954545454545455,2022-06,0.014772727272727272,0.01634090909090909,0.005372727272727274,0.008613636363636365,-4.545454545454297e-05,0.00022272727272727548
0.016995238095238095,0.02335238095238095,2022-07,0.011495238095238095,0.013942857142857142,0.0055,0.009409523809523809,0.00012727272727272587,0.0007958874458874436
0.01583478260869565,0.021691304347826085,2022-08,0.010604347826086958,0.012573913043478262,0.005230434782608694,0.009117391304347824,-0.00026956521739130573,-0.0002921325051759849
0.02348181818181818,0.026831818181818182,2022-09,0.01795,0.018045454545454545,0.005531818181818179,0.008786363636363637,0.00030138339920948547,-0.0003310276679841864
0.02776666666666667,0.03052857142857143,2022-10,0.022214285714285714,0.022347619047619047,0.0055523809523809545,0.008180952380952383,2.0562770562775057e-05,-0.0006054112554112548
0.025677272727272726,0.028081818181818183,2022-11,0.02108181818181818,0.020277272727272727,0.004595454545454545,0.007804545454545456,-0.0009569264069264095,-0.00037640692640692613
0.025961904761904762,0.027295238095238098,2022-12,0.02105238095238095,0.01900952380952381,0.0049095238095238115,0.008285714285714289,0.0003140692640692666,0.00048116883116883225
0.02714090909090909,0.02935909090909091,2023-01,0.022295454545454545,0.021154545454545454,0.004845454545454545,0.008204545454545457,-6.406926406926639e-05,-8.11688311688312e-05
0.02883,0.031245000000000002,2023-02,0.023954999999999997,0.02302,0.004875000000000004,0.008225000000000003,2.9545454545459177e-05,2.0454545454545725e-05
0.029430434782608695,0.0321,2023-03,0.02403478260869565,0.02332608695652174,0.0053956521739130445,0.008773913043478257,0.0005206521739130401,0.0005489130434782538
0.029261111111111113,0.03270555555555556,2023-04,0.023727777777777778,0.024166666666666666,0.0055333333333333345,0.008538888888888891,0.00013768115942029008,-0.00023502415458936596
0.029342857142857143,0.03356666666666667,2023-05,0.023577272727272724,0.024595454545454545,0.005765584415584418,0.008971212121212123,0.0002322510822510837,0.0004323232323232319
0.029281818181818183,0.03293636363636364,2023-06,0.024018181818181817,0.024809090909090906,0.005263636363636366,0.008127272727272733,-0.0005019480519480521,-0.0008439393939393899
0.030304761904761904,0.03330952380952381,2023-07,0.024833333333333332,0.024904761904761905,0.0054714285714285715,0.008404761904761904,0.00020779220779220536,0.0002774891774891715
0.031208695652173914,0.034847826086956524,2023-08,0.025756521739130435,0.026139130434782606,0.005452173913043479,0.008708695652173918,-1.925465838509277e-05,0.0003039337474120135
0.032466666666666665,0.03646190476190476,2023-09,0.02692857142857143,0.027761904761904765,0.005538095238095234,0.008699999999999992,8.592132505175556e-05,-8.695652173925511e-06
0.034540909090909094,0.039318181818181815,2023-10,0.028604545454545452,0.030145454545454545,0.005936363636363642,0.00917272727272727,0.00039826839826840807,0.00047272727272727744
0.03201818181818182,0.036899999999999995,2023-11,0.026459090909090908,0.02799090909090909,0.005559090909090913,0.008909090909090905,-0.00037727272727272956,-0.0002636363636363652
0.026621052631578948,0.03133684210526316,2023-12,0.021557894736842102,0.022852631578947367,0.005063157894736846,0.008484210526315795,-0.000495933014354067,-0.00042488038277510923
0.02739090909090909,0.03235,2024-01,0.022386363636363635,0.02386818181818182,0.005004545454545456,0.008481818181818177,-5.8612440191389836e-05,-2.3923444976182984e-06
0.028628571428571427,0.03328571428571429,2024-02,0.023733333333333335,0.02499047619047619,0.004895238095238091,0.008295238095238095,-0.00010930735930736457,-0.00018658008658008207
0.028365,0.032725,2024-03,0.02377,0.02472,0.004595000000000002,0.008004999999999998,-0.00030023809523808953,-0.0002902380952380969
0.02977142857142857,0.03408095238095238,2024-04,0.02471904761904762,0.0256047619047619,0.0050523809523809506,0.008476190476190477,0.0004573809523809487,0.0004711904761904792
0.030222727272727276,0.034468181818181814,2024-05,0.025436363636363635,0.026204545454545456,0.004786363636363641,0.008263636363636358,-0.0002660173160173099,-0.00021255411255411902
0.031509999999999996,0.035775,2024-06,0.025125,0.0261,0.006384999999999995,0.009675,0.0015986363636363542,0.0014113636363636411
0.031382608695652174,0.0362,2024-07,0.02492608695652174,0.026256521739130435,0.006456521739130434,0.009943478260869568,7.152173913043888e-05,0.0002684782608695681
0.029395454545454548,0.03475909090909091,2024-08,0.022495454545454544,0.024245454545454546,0.006900000000000003,0.010513636363636367,0.0004434782608695696,0.0005701581027667997
0.029009523809523808,0.03487142857142857,2024-09,0.02209047619047619,0.024357142857142855,0.006919047619047616,0.010514285714285712,1.9047619047612985e-05,6.493506493447654e-07
0.02987391304347826,0.03579130434782609,2024-10,0.02277826086956522,0.025069565217391305,0.007095652173913041,0.010721739130434785,0.00017660455486542478,0.00020745341614907334
0.030914285714285714,0.03576190476190476,2024-11,0.023423809523809524,0.02499047619047619,0.00749047619047619,0.010771428571428567,0.00039482401656314864,4.968944099378175e-05
0.030133333333333335,0.03528095238095238,2024-12,0.022216666666666666,0.023777777777777776,0.007916666666666669,0.011503174603174602,0.0004261904761904793,0.0007317460317460348
0.03316363636363637,0.038345454545454544,2025-01,0.025354545454545453,0.026945454545454547,0.007809090909090915,0.011399999999999997,-0.00010757575757575424,-0.00010317460317460503
0.031465,0.037135,2025-02,0.024524999999999998,0.026375,0.006940000000000002,0.010760000000000002,-0.0008690909090909131,-0.0006399999999999947
0.03434761904761905,0.04036666666666667,2025-03,0.027823809523809525,0.030204761904761904,0.0065238095238095255,0.010161904761904764,-0.00041619047619047625,-0.0005980952380952378
0.032635000000000004,0.039595000000000005,2025-04,0.02554,0.028665000000000003,0.007095000000000004,0.010930000000000002,0.0005711904761904786,0.0007680952380952379
0.03261428571428572,0.04003333333333333,2025-05,0.02605714285714286,0.029728571428571427,0.006557142857142862,0.010304761904761903,-0.000537857142857142,-0.0006252380952380988
0.032357142857142855,0.03977142857142857,2025-06,0.02561428571428571,0.02928095238095238,0.006742857142857144,0.010490476190476189,0.0001857142857142821,0.00018571428571428558
0.033643478260869566,0.04142608695652174,2025-07,0.026695652173913044,0.030769565217391305,0.0069478260869565225,0.010656521739130433,0.00020496894409937835,0.00016604554865424365
0.03424761904761905,0.0425047619047619,2025-08,0.02712857142857143,0.03170476190476191,0.007119047619047619,0.01079999999999999,0.00017122153209109606,0.00014347826086955756
0.03511818181818182,0.04383181818181819,2025-09,0.027318181818181818,0.032340909090909094,0.007800000000000001,0.011490909090909093,0.0006809523809523828,0.0006909090909091031
0.03435217391304348,0.04302608695652174,2025-10,0.026634782608695652,0.031517391304347823,0.007717391304347829,0.011508695652173918,-8.260869565217266e-05,1.7786561264825085e-05
0.034350000000000006,0.043255,2025-11,0.027110000000000002,0.032205,0.007240000000000003,0.011050000000000004,-0.00047739130434782534,-0.0004586956521739141
0.03556,0.04444,2025-12,0.02871578947368421,0.033947368421052636,0.006844210526315793,0.010492631578947365,-0.00039578947368421047,-0.0005573684210526397
0.03532380952380952,0.0444,2026-01,0.028785714285714286,0.034209523809523815,0.006538095238095235,0.010190476190476187,-0.0003061152882205577,-0.00030215538847117723
0.033985,0.043355,2026-02,0.028065,0.03393,0.005920000000000002,0.009424999999999996,-0.0006180952380952336,-0.0007654761904761914
0.03645,0.04435454545454545,2026-03,0.029554545454545455,0.034245454545454544,0.006895454545454548,0.010109090909090908,0.0009754545454545467,0.000684090909090912
0.037309999999999996,0.044965,2026-04,0.030605,0.03523,0.006704999999999996,0.009735,-0.00019045454545455268,-0.00037409090909090725
0.037430000000000005,0.045125,2026-05,0.0309,0.035570000000000004,0.0065300000000000046,0.009554999999999994,-0.00017499999999999113,-0.00018000000000000654
0.036754545454545456,0.04476818181818182,2026-06,0.030090909090909092,0.03491363636363636,0.006663636363636365,0.009854545454545456,0.00013363636363636008,0.00029954545454546205
0.03848913043478261,0.046465217391304346,2026-07,0.031186956521739133,0.03592608695652174,0.007302173913043476,0.010539130434782606,0.0006385375494071116,0.0006845849802371504
0.040023809523809524,0.047984285714285715,2026-08,0.03215238095238095,0.03674761904761905,0.007871428571428571,0.011236666666666666,0.0005692546583850946,0.0006975362318840592
0.04437772727272727,0.05107863636363637,2026-09,0.03498636363636364,0.03843636363636364,0.009391363636363628,0.012642272727272731,0.0015199350649350574,0.0014056060606060655
0.04901,0.05475,2026-10,0.0362,0.0394,0.012809999999999995,0.015350000000000003,0.0034186363636363667,0.0027077272727272714
