year,base_debt_gdp_previous,stress_debt_gdp_previous,base_primary_balance_gdp,stress_primary_balance_gdp,primary_balance_adjustment,base_real_growth,stress_real_growth,real_growth_adjustment,base_inflation,stress_inflation,inflation_adjustment,base_nominal_growth,stress_nominal_growth,feedback_10y,feedback_30y,base_oat_30y,stress_oat_30y,incremental_aft_cost_eur,base_gg_effective_rate,stress_interest_gdp,base_debt_gdp_end,stress_debt_gdp_end
2027,1.185,1.185,-0.0259322874428225,-0.0259322874428225,-0.0,-0.0013884569470402723,-0.0013884569470402723,0.0,0.015066985532565453,0.015066985532565453,0.0,0.013657608724791492,0.013657608724791492,0.0,0.0,0.04578841536475569,0.04578841536475569,0.0,0.022306322037309406,0.02607684427828156,1.2210429255785407,1.2210429255785407
2028,1.2210429255785407,1.2210429255785407,-0.014366638786297636,-0.014366638786297636,-0.0,0.02422093603917017,0.02422093603917017,0.0,0.014793550961465687,0.014793550961465687,0.0,0.03937280065226556,0.03937280065226556,0.0,0.0,0.04686852480746731,0.04686852480746731,0.0,0.02326911416207281,0.02733628127871724,1.2164911431282572,1.2164911431282572
2029,1.2164911431282572,1.2164911431282572,-0.010677651608903358,-0.010677651608903358,-0.0,0.013544235824819416,0.013544235824819416,0.0,0.02170441858777005,0.02170441858777005,0.0,0.035542624176382764,0.035542624176382764,0.0,0.0,0.046911218847308915,0.046911218847308915,0.0,0.02519439092301999,0.029596805287219554,1.2150123331817966,1.2150123331817966
2030,1.2150123331817966,1.2150123331817966,-0.010068384532833909,-0.010068384532833909,-0.0,0.014807506911634972,0.014807506911634972,0.0,0.019364183233534105,0.019364183233534105,0.0,0.03445842542223776,0.03445842542223776,0.0,0.0,0.04870976699679702,0.04870976699679702,0.0,0.026676123330899762,0.03133216188489379,1.2159400961206184,1.2159400961206184
2031,1.2159400961206184,1.2159400961206184,0.006175089308403632,0.006175089308403632,-0.0,0.02498449886729686,0.02498449886729686,0.0,0.007299899452688944,0.007299899452688944,0.0,0.03246678264959302,0.03246678264959302,0.0,0.0,0.051598243912667666,0.051598243912667666,0.0,0.028631997673696733,0.03372001364938426,1.2052487658148754,1.2052487658148754
2032,1.2052487658148754,1.2052487658148754,-0.0008488778397691887,-0.0008488778397691887,-0.0,-0.0015655456874682765,-0.0015655456874682765,0.0,0.01851857895172794,0.01851857895172794,0.0,0.016924041582843774,0.016924041582843774,0.0,0.0,0.04392255974898916,0.04392255974898916,0.0,0.03138265283194046,0.03719442362166989,1.2232338530968432,1.2232338530968432
2033,1.2232338530968432,1.2232338530968432,0.0008037834063683893,0.0008037834063683893,-0.0,0.014338157863463558,0.014338157863463558,0.0,0.013596205374873296,0.013596205374873296,0.0,0.028129307777345902,0.028129307777345902,0.0,0.0,0.04196648736312154,0.04196648736312154,0.0,0.03147854839087174,0.037452123722943556,1.2264148841195943,1.2264148841195943
2034,1.2264148841195943,1.2264148841195943,0.0006671675082029726,0.0006671675082029726,-0.0,0.0167672751770881,0.0167672751770881,0.0,0.023033018592384432,0.023033018592384432,0.0,0.04018649473037006,0.04018649473037006,0.0,0.0,0.045516098166847374,0.045516098166847374,0.0,0.032489947023288876,0.03830674096950973,1.2166732278421946,1.2166732278421946
2035,1.2166732278421946,1.2166732278421946,-0.00010279312170752996,-0.00010279312170752996,-0.0,-0.0003526893418495467,-0.0003526893418495467,0.0,0.019903536555243632,0.019903536555243632,0.0,0.019543827448185835,0.019543827448185835,0.0,0.0,0.037900109853355984,0.037900109853355984,0.0,0.032867450961261736,0.03922239199080986,1.232675774941896,1.232675774941896
2036,1.232675774941896,1.232675774941896,-0.003313754529553877,-0.003313754529553877,-0.0,0.015851926649328246,0.015851926649328246,0.0,0.027061628905679598,0.027061628905679598,0.0,0.043342534511431996,0.043342534511431996,0.0,0.0,0.040367145667526985,0.040367145667526985,0.0,0.03327617895169803,0.039314739234318184,1.2240964529122293,1.2240964529122293
2037,1.2240964529122293,1.2240964529122293,-0.005800538094017439,-0.005800538094017439,-0.0,0.002653460037223182,0.002653460037223182,0.0,0.022852624101790397,0.022852624101790397,0.0,0.025566722663813435,0.025566722663813435,0.0,0.0,0.04217870297869068,0.04217870297869068,0.0,0.033291963322062,0.03973663859448281,1.2391176876987964,1.2391176876987964
2038,1.2391176876987964,1.2391176876987964,5.616766403945556e-05,5.616766403945556e-05,-0.0,0.015312812508350702,0.015312812508350702,0.0,0.023673856065535362,0.023673856065535362,0.0,0.03934918189316727,0.03934918189316727,0.0,0.0,0.04178018115029643,0.04178018115029643,0.0,0.03351170689639473,0.039952837298301465,1.232102050930423,1.232102050930423
2039,1.232102050930423,1.232102050930423,0.0008678508913033471,0.0008678508913033471,-0.0,0.02064469836468372,0.02064469836468372,0.0,0.01618467826839744,0.01618467826839744,0.0,0.03716350443406169,0.03716350443406169,0.0,0.0,0.042368686210140685,0.042368686210140685,0.0,0.03297331306587786,0.039170763800262395,1.2262564473931208,1.2262564473931208
2040,1.2262564473931208,1.2262564473931208,-0.003421236050614516,-0.003421236050614516,-0.0,0.007888952847651525,0.007888952847651525,0.0,0.02458531052782261,0.02458531052782261,0.0,0.032668215730973005,0.032668215730973005,0.0,0.0,0.041926694431647295,0.041926694431647295,0.0,0.03381406293915715,0.040152986273860936,1.2310383358830752,1.2310383358830752
2041,1.2310383358830752,1.2310383358830752,-0.0022663886035801544,-0.0022663886035801544,-0.0,0.007689160344883724,0.007689160344883724,0.0,0.02150943074182014,0.02150943074182014,0.0,0.029363980548604784,0.029363980548604784,0.0,0.0,0.0417424328067668,0.0417424328067668,0.0,0.03381109303840636,0.040435407197952015,1.23862312114943,1.23862312114943
