year,p10,p25,p50,p75,p90,p95
2027,1.176573271692167,1.1892586440859936,1.2039261270793655,1.2187393907671495,1.2318453063878478,1.2399614180856162
2028,1.1710167824435997,1.1903817983231038,1.2125731318988466,1.234392349217367,1.2546424602121384,1.2672622973696799
2029,1.1636705191897652,1.1891118347614782,1.2174527885156632,1.247650328289648,1.274220217266571,1.2897017381642055
2030,1.155276771471622,1.1858699865609155,1.2198261400780106,1.2555452433718381,1.28817117604264,1.3083720129819922
2031,1.144605683078854,1.1805184095571661,1.220252011679358,1.2609427267810254,1.2996268993127162,1.322583190161233
2032,1.1380248770358419,1.1762520900086129,1.2232322198626862,1.2683656833033856,1.3095425967103878,1.334677661837147
2033,1.1319806537718342,1.174987092752716,1.2249430224471658,1.2763312921195742,1.3211847685836091,1.347305678023495
2034,1.127285511877348,1.1739312484793076,1.2271412671942095,1.2824885141097262,1.3312896118582853,1.3640782410623196
2035,1.1216698800071017,1.1735209147164918,1.2303920358200087,1.2908305369318835,1.3438686374191071,1.3755537849017077
2036,1.118761431276602,1.17204070579549,1.2341045520943628,1.2961683620876399,1.3549409936529067,1.387758755585366
2037,1.1165432799709192,1.1717854013152385,1.2373067717457134,1.302781743135045,1.3646463543749003,1.4025380126282871
2038,1.11239683045197,1.1710040660941743,1.240199754487207,1.3081252071676563,1.373495731534697,1.4159045723529602
2039,1.107688658728074,1.1713605257656305,1.2423835303551893,1.315898258733636,1.3820614785084033,1.42545248193043
2040,1.1037755509095004,1.1697172350750509,1.2445594629564427,1.3225945514567825,1.3929362035416675,1.4370136832127516
2041,1.1007942722807775,1.168735287485657,1.2469659978470866,1.3278284702241532,1.4038313474029476,1.4495672513073674
