year,reference_debt_gdp,no_consolidation_no_feedback,no_consolidation_with_feedback,fiscal_mechanical_effect_pp,sovereign_feedback_effect_pp,total_effect_pp
2027,1.2210429255785407,1.2250556406692925,1.225057793915535,0.40127150907518505,0.00021532462424200816,0.40148683369942706
2028,1.2164911431282572,1.2306098214857633,1.230636183594516,1.411867835750602,0.002636210875284206,1.4145040466258862
2029,1.2150123331817966,1.2455411241620866,1.2456582677637993,3.0528790980290044,0.011714360171266591,3.064593458200271
2030,1.2159400961206184,1.2684022924208853,1.2687626465297954,5.246219630026694,0.03603541089101103,5.282255040917705
2031,1.2052487658148754,1.2864939828798736,1.2873279022957393,8.12452170649982,0.0833919415865747,8.207913648086397
2032,1.2232338530968432,1.3358471570267525,1.3375204092160398,11.261330392990931,0.16732521892872665,11.428655611919659
2033,1.2264148841195943,1.3705590535413843,1.373599145659415,14.414416942178999,0.30400921180306906,14.718426153982067
2034,1.2166732278421946,1.3919047059013583,1.3968582559252984,17.523147805916373,0.49535500239401564,18.018502808310387
2035,1.232675774941896,1.4434147753323348,1.4511479374529788,21.07390003904388,0.773316212064401,21.847216251108282
2036,1.2240964529122293,1.4668881940419196,1.478137960517737,24.279174112969027,1.1249766475817324,25.40415076055076
2037,1.2391176876987964,1.5186669871993395,1.5347326400950112,27.954929950054307,1.6065652895671745,29.561495239621483
2038,1.232102050930423,1.545980029098922,1.568042846549567,31.387797816849904,2.206281745064498,33.594079561914405
2039,1.2262564473931208,1.575492499574079,1.605171881556199,34.92360521809583,2.9679381982119946,37.891543416307826
2040,1.2310383358830752,1.6184941372378072,1.6578325002735248,38.745580135473205,3.9338363035717583,42.67941643904496
2041,1.23862312114943,1.666513707502889,1.7178997806452736,42.7890586353459,5.1386073142384525,47.92766594958435
