year,primary_balance_gdp
1995,0.0035764
1996,0.0009125
1997,0.0012595999999999998
1998,-0.0124765
1999,-0.0008595
2000,-0.0016377
2001,-0.0175319
2002,-0.0045183
2003,-0.030409799999999997
2004,-0.0363485
2005,-0.0356222
2006,-0.013845099999999999
2007,0.0009112
2008,-0.0069921
2009,-0.06892680000000001
2010,-0.08501929999999999
2011,-0.0346102
2012,-0.013745199999999999
2013,-0.0044469999999999996
2014,-0.0255049
2015,0.0005953
2016,0.0215215
2017,0.0073132
2018,0.0289418
2019,0.030192100000000003
2020,-0.029183300000000002
2021,-0.0046154
2022,0.0157843
2023,0.0317474
2024,0.0269073
2025,0.0261539
2026,0.0191265
2027,0.0161812
