TIME_PERIOD,OBS_VALUE
2000-01-01,5.75
2000-02-01,5.72
2000-03-01,5.5
2000-04-01,5.46
2000-05-01,5.59
2000-06-01,5.39
2000-07-01,5.48
2000-08-01,5.43
2000-09-01,5.49
2000-10-01,5.45
2000-11-01,5.4
2000-12-01,5.14
2001-01-01,5.02
2001-02-01,5.02
2001-03-01,4.94
2001-04-01,5.1
2001-05-01,5.29
2001-06-01,5.26
2001-07-01,5.27
2001-08-01,5.06
2001-09-01,5.06
2001-10-01,4.83
2001-11-01,4.69
2001-12-01,4.98
2002-01-01,5.05
2002-02-01,5.1
2002-03-01,5.33
2002-04-01,5.32
2002-05-01,5.4
2002-06-01,5.26
2002-07-01,5.1
2002-08-01,4.81
2002-09-01,4.61
2002-10-01,4.68
2002-11-01,4.66
2002-12-01,4.45
2003-01-01,4.26
2003-02-01,4.05
2003-03-01,4.09
2003-04-01,4.23
2003-05-01,3.91
2003-06-01,3.7
2003-07-01,4.01
2003-08-01,4.18
2003-09-01,4.2
2003-10-01,4.26
2003-11-01,4.39
2003-12-01,4.33
2004-01-01,4.16
2004-02-01,4.11
2004-03-01,3.92
2004-04-01,4.1
2004-05-01,4.25
2004-06-01,4.48
2004-07-01,4.37
2004-08-01,4.21
2004-09-01,4.14
2004-10-01,4.01
2004-11-01,3.89
2004-12-01,3.68
2005-01-01,3.6
2005-02-01,3.57
2005-03-01,3.72
2005-04-01,3.51
2005-05-01,3.33
2005-06-01,3.16
2005-07-01,3.18
2005-08-01,3.21
2005-09-01,3.05
2005-10-01,3.19
2005-11-01,3.4
2005-12-01,3.3
2006-01-01,3.28
2006-02-01,3.44
2006-03-01,3.62
2006-04-01,3.88
2006-05-01,3.94
2006-06-01,4.02
2006-07-01,4.07
2006-08-01,3.94
2006-09-01,3.8
2006-10-01,3.84
2006-11-01,3.75
2006-12-01,3.82
2007-01-01,4.05
2007-02-01,4.08
2007-03-01,3.98
2007-04-01,4.2
2007-05-01,4.33
2007-06-01,4.62
2007-07-01,4.59
2007-08-01,4.39
2007-09-01,4.34
2007-10-01,4.38
2007-11-01,4.22
2007-12-01,4.34
2008-01-01,4.14
2008-02-01,4.06
2008-03-01,4.0
2008-04-01,4.22
2008-05-01,4.47
2008-06-01,4.78
2008-07-01,4.77
2008-08-01,4.47
2008-09-01,4.43
2008-10-01,4.33
2008-11-01,4.09
2008-12-01,3.72
2009-01-01,3.87
2009-02-01,3.93
2009-03-01,3.81
2009-04-01,3.78
2009-05-01,3.91
2009-06-01,3.98
2009-07-01,3.77
2009-08-01,3.63
2009-09-01,3.62
2009-10-01,3.57
2009-11-01,3.53
2009-12-01,3.46
2010-01-01,3.49
2010-02-01,3.38
2010-03-01,3.26
2010-04-01,3.36
2010-05-01,3.03
2010-06-01,2.92
2010-07-01,2.85
2010-08-01,2.62
2010-09-01,2.58
2010-10-01,2.63
2010-11-01,2.82
2010-12-01,3.19
2011-01-01,3.27
2011-02-01,3.41
2011-03-01,3.45
2011-04-01,3.57
2011-05-01,3.32
2011-06-01,3.29
2011-07-01,3.16
2011-08-01,2.68
2011-09-01,2.35
2011-10-01,2.51
2011-11-01,2.54
2011-12-01,2.52
2012-01-01,2.28
2012-02-01,2.34
2012-03-01,2.31
2012-04-01,2.15
2012-05-01,1.82
2012-06-01,1.76
2012-07-01,1.55
2012-08-01,1.55
2012-09-01,1.82
2012-10-01,1.78
2012-11-01,1.67
2012-12-01,1.6
2013-01-01,1.75
2013-02-01,1.81
2013-03-01,1.61
2013-04-01,1.51
2013-05-01,1.6
2013-06-01,1.88
2013-07-01,1.91
2013-08-01,2.07
2013-09-01,2.19
2013-10-01,2.04
2013-11-01,1.94
2013-12-01,2.03
2014-01-01,1.99
2014-02-01,1.92
2014-03-01,1.91
2014-04-01,1.84
2014-05-01,1.69
2014-06-01,1.57
2014-07-01,1.36
2014-08-01,1.18
2014-09-01,1.13
2014-10-01,1.01
2014-11-01,0.9
2014-12-01,0.89
2015-01-01,0.62
2015-02-01,0.48
2015-03-01,0.39
2015-04-01,0.27
2015-05-01,0.72
2015-06-01,1.01
2015-07-01,0.95
2015-08-01,0.82
2015-09-01,0.9
2015-10-01,0.81
2015-11-01,0.81
2015-12-01,0.86
2016-01-01,0.78
2016-02-01,0.53
2016-03-01,0.53
2016-04-01,0.46
2016-05-01,0.45
2016-06-01,0.33
2016-07-01,0.12
2016-08-01,0.06
2016-09-01,0.08
2016-10-01,0.17
2016-11-01,0.41
2016-12-01,0.46
2017-01-01,0.5
2017-02-01,0.52
2017-03-01,0.51
2017-04-01,0.38
2017-05-01,0.49
2017-06-01,0.56
2017-07-01,0.76
2017-08-01,0.65
2017-09-01,0.58
2017-10-01,0.6
2017-11-01,0.52
2017-12-01,0.51
2018-01-01,0.675
2018-02-01,0.838
2018-03-01,0.72
2018-04-01,0.69
2018-05-01,0.702
2018-06-01,0.631
2018-07-01,0.533
2018-08-01,0.557
2018-09-01,0.662
2018-10-01,0.727
2018-11-01,0.662
2018-12-01,0.554
2019-01-01,0.486
2019-02-01,0.385
2019-03-01,0.352
2019-04-01,0.343
2019-05-01,0.249
2019-06-01,0.051
2019-07-01,-0.089
2019-08-01,-0.351
2019-09-01,-0.298
2019-10-01,-0.206
2019-11-01,-0.08
2019-12-01,-0.035
2020-01-01,-0.067
2020-02-01,-0.235
2020-03-01,-0.119
2020-04-01,0.027
2020-05-01,-0.119
2020-06-01,-0.177
2020-07-01,-0.209
2020-08-01,-0.25
2020-09-01,-0.298
2020-10-01,-0.381
2020-11-01,-0.401
2020-12-01,-0.413
2021-01-01,-0.378
2021-02-01,-0.218
2021-03-01,-0.126
2021-04-01,-0.079
2021-05-01,0.047
2021-06-01,-0.017
2021-07-01,-0.096
2021-08-01,-0.212
2021-09-01,-0.066
2021-10-01,0.082
2021-11-01,-0.001
2021-12-01,-0.062
2022-01-01,0.179
2022-02-01,0.511
2022-03-01,0.716
2022-04-01,1.178
2022-05-01,1.43
2022-06-01,2.062
2022-07-01,1.718
2022-08-01,1.625
2022-09-01,2.533
2022-10-01,2.895
2022-11-01,2.691
2022-12-01,2.707
2023-01-01,2.774
2023-02-01,2.943
2023-03-01,2.979
2023-04-01,2.956
2023-05-01,2.984
2023-06-01,3.003
2023-07-01,3.074
2023-08-01,3.147
2023-09-01,3.246
2023-10-01,3.466
2023-11-01,3.2
2023-12-01,2.676
2024-01-01,2.796
2024-02-01,2.884
2024-03-01,2.85
2024-04-01,2.944
2024-05-01,3.004
2024-06-01,3.051
2024-07-01,3.003
2024-08-01,2.778
2024-09-01,2.718
2024-10-01,2.747
2024-11-01,2.814
2024-12-01,2.645
2025-01-01,2.945
2025-02-01,2.821
2025-03-01,3.116
2025-04-01,2.941
2025-05-01,2.952
2025-06-01,2.899
2025-07-01,3.045
2025-08-01,3.092
2025-09-01,3.09
2025-10-01,3.013
2025-11-01,3.035
2025-12-01,3.165
